year,equipment_type,unit_name,unit_count
1970,aircraft,A-1D Skyraider,0
1970,aircraft,Br 765,0
1970,aircraft,DV-6,0
1970,aircraft,F-100D,0
1970,aircraft,IIIE,0
1970,aircraft,IIIRD/IIIR,0
1970,aircraft,KC-135F,0
1970,aircraft,Mirage IIIC,0
1970,aircraft,Mirage IVA,0
1970,aircraft,Noratlas Nord 2501,0
1970,aircraft,Super Mystere B-2,0
1970,aircraft,Transall C-160,0
1970,aircraft,Vautour IIN,0
1970,amphibious,NA,23
1970,armoured fighting vehicles,AMX-13,0
1970,armoured fighting vehicles,AMX-30,435
1970,artillery,AMX,0
1970,artillery,NA,0
1970,ballistic missiles,NA,18
1970,helicopters,H-34/Alouette II,0
1970,mine warfare,NA,94
1970,patrol and coastal combatants,NA,14
1970,principal surface combatants,NA,52
1970,submarines,NA,23
1970,surface-to-surface missile launchers,HAWK,3
1970,surface-to-surface missile launchers,Honest Jon,4
1971,aircraft,Atlantic,0
1971,aircraft,Br 765,0
1971,aircraft,Crusader (F-8E),0
1971,aircraft,DV-6,0
1971,aircraft,Entendard IVP,0
1971,aircraft,F-100D,0
1971,aircraft,IIIE,0
1971,aircraft,IIIRD/IIIR,0
1971,aircraft,KC-135F,9
1971,aircraft,Mirage IIIB,0
1971,aircraft,Mirage IIIC,0
1971,aircraft,Mirage IV A,36
1971,aircraft,Mirage IVA,0
1971,aircraft,Noratlas Nord 2501,0
1971,aircraft,P-2,0
1971,aircraft,Super Mystere B-2,0
1971,aircraft,Transall C-160,0
1971,aircraft,Vautour IIN,0
1971,amphibious,NA,17
1971,armoured fighting vehicles,AMX-13,0
1971,armoured fighting vehicles,AMX-30,575
1971,armoured fighting vehicles,M-47,0
1971,armoured fighting vehicles,VTT-AMX,0
1971,artillery,AMX,0
1971,artillery,NA,0
1971,ballistic missiles,NA,16
1971,helicopters,Alouette II/III,0
1971,helicopters,H-34/Alouette II,0
1971,mine warfare,NA,89
1971,patrol and coastal combatants,NA,14
1971,principal surface combatants,NA,48
1971,submarines,NA,28
1971,surface-to-surface missile launchers,HAWK,0
1971,surface-to-surface missile launchers,Honest Jon,0
1972,aircraft,Atlantic,0
1972,aircraft,Br 765,4
1972,aircraft,C-160,0
1972,aircraft,Crusader (F-8E),0
1972,aircraft,DV-6B,4
1972,aircraft,Entendard IVP,0
1972,aircraft,F-100D,0
1972,aircraft,IIIE,0
1972,aircraft,IIIRD/IIIR,0
1972,aircraft,KC-135F,12
1972,aircraft,Mirage IIIB,0
1972,aircraft,Mirage IIIC,0
1972,aircraft,Mirage IV A,36
1972,aircraft,Mirage IVA,0
1972,aircraft,Noratlas Nord 2501,173
1972,aircraft,P-2,0
1972,aircraft,Super Mystere B-2,0
1972,aircraft,Vautour II-IB,30
1972,aircraft,Vautour IIN,30
1972,amphibious,NA,23
1972,armoured fighting vehicles,AMX-13,0
1972,armoured fighting vehicles,AMX-30,575
1972,armoured fighting vehicles,M-47,0
1972,armoured fighting vehicles,VTT-AMX,0
1972,artillery,AMX,0
1972,artillery,Model-56,0
1972,artillery,NA,0
1972,ballistic missiles,SSBS S-3,0
1972,helicopters,Alouette,0
1972,helicopters,Alouette II/III,0
1972,helicopters,Bell,450
1972,helicopters,H-34/Alouette II/III,0
1972,helicopters,SA-330 (Puma),0
1972,mine warfare,NA,91
1972,patrol and coastal combatants,NA,0
1972,principal surface combatants,NA,50
1972,submarines,NA,20
1972,surface-to-surface missile launchers,HAWK,0
1972,surface-to-surface missile launchers,Honest Jon,0
1973,aircraft,Atlantic,0
1973,aircraft,Br 763,2
1973,aircraft,C-160,0
1973,aircraft,C-160F,40
1973,aircraft,Crusader (F-8E),0
1973,aircraft,DC-6,5
1973,aircraft,DC-8,3
1973,aircraft,DV-6B,0
1973,aircraft,Entendard IVP,0
1973,aircraft,F-100D,0
1973,aircraft,IIIE,0
1973,aircraft,IIIRD/IIIR,0
1973,aircraft,Jaguar,0
1973,aircraft,KC-135F,12
1973,aircraft,Mirage IIIB,0
1973,aircraft,Mirage IIIC,0
1973,aircraft,Mirage IV A,36
1973,aircraft,Mirage IVA,0
1973,aircraft,Mirage V,0
1973,aircraft,Noratlas Nord 2501,130
1973,aircraft,P-2,0
1973,aircraft,Super Mystere B-2,0
1973,aircraft,Vautour II-IB,30
1973,aircraft,Vautour IIN,30
1973,amphibious,NA,20
1973,armoured fighting vehicles,AMX,0
1973,armoured fighting vehicles,AMX-13,0
1973,armoured fighting vehicles,AMX-30,820
1973,artillery,AMX,0
1973,artillery,Model-56,0
1973,artillery,NA,0
1973,ballistic missiles,SSBS S-3,9
1973,helicopters,Alouette,0
1973,helicopters,Alouette II,175
1973,helicopters,Alouette II/III,0
1973,helicopters,Alouette III,60
1973,helicopters,Bell,70
1973,helicopters,H-34/Alouette II/III,0
1973,helicopters,SA-330 (Puma),80
1973,mine warfare,NA,53
1973,patrol and coastal combatants,NA,0
1973,principal surface combatants,NA,47
1973,submarines,NA,21
1973,surface-to-surface missile launchers,HAWK,54
1973,surface-to-surface missile launchers,Honest Jon,20
1974,aircraft,Atlantic,38
1974,aircraft,C-160,0
1974,aircraft,C-160 Transall,50
1974,aircraft,Crusader (F-8E),36
1974,aircraft,DC-6,0
1974,aircraft,DC-6B,4
1974,aircraft,DC-8,3
1974,aircraft,Entendard IVP,12
1974,aircraft,F-100D,56
1974,aircraft,IIIE,120
1974,aircraft,IIIRD/IIIR,45
1974,aircraft,Jaguar,30
1974,aircraft,KC-135F,11
1974,aircraft,Mirage IIIB,0
1974,aircraft,Mirage IV A,36
1974,aircraft,Mirage IVA,0
1974,aircraft,Mirage V,30
1974,aircraft,Noratlas Nord 2501,120
1974,aircraft,P-2,23
1974,aircraft,Vautour IIB/N,30
1974,amphibious,NA,21
1974,armoured fighting vehicles,AMX-10,150
1974,armoured fighting vehicles,AMX-13,1120
1974,armoured fighting vehicles,AMX-30,910
1974,artillery,AMX,0
1974,artillery,Model-56,0
1974,artillery,NA,0
1974,ballistic missiles,SSBS S-3,9
1974,helicopters,Alouette,0
1974,helicopters,Alouette II,192
1974,helicopters,Alouette II/III,0
1974,helicopters,Alouette III,85
1974,helicopters,Bell,70
1974,helicopters,H-34/Alouette II/III,93
1974,helicopters,SA-330 (Puma),105
1974,helicopters,SA-341F (Gazelle),45
1974,mine warfare,NA,8
1974,patrol and coastal combatants,NA,0
1974,principal surface combatants,NA,49
1974,submarines,NA,22
1974,surface-to-surface missile launchers,HAWK,54
1974,surface-to-surface missile launchers,Honest Jon,8
1974,surface-to-surface missile launchers,Pluton,6
1974,surface-to-surface missile launchers,Roland,0
1975,air defence,NA,0
1975,aircraft,Atlantic,26
1975,aircraft,C-160,0
1975,aircraft,C-160 Transall,50
1975,aircraft,C-47,0
1975,aircraft,Crusader (F-8E),24
1975,aircraft,DC-4,0
1975,aircraft,DC-6,0
1975,aircraft,DC-6B,4
1975,aircraft,DC-8,3
1975,aircraft,Entendard IVP,12
1975,aircraft,F-1,45
1975,aircraft,F-100D,56
1975,aircraft,HSS-1,0
1975,aircraft,IIIC,45
1975,aircraft,IIIE,120
1975,aircraft,IIIRD/IIIR,45
1975,aircraft,Jaguar,60
1975,aircraft,KC-135F,11
1975,aircraft,Mirage IIIB,0
1975,aircraft,Mirage IV A,36
1975,aircraft,Mirage IVA,0
1975,aircraft,Mirage VF,30
1975,aircraft,Noratlas,120
1975,aircraft,P-2,10
1975,aircraft,Super Mystere,45
1975,aircraft,Vautour IIB/N,15
1975,amphibious,NA,22
1975,armoured fighting vehicles,AMX-10,150
1975,armoured fighting vehicles,AMX-13,1120
1975,armoured fighting vehicles,AMX-30,950
1975,armoured fighting vehicles,VP-90,0
1975,artillery,AMX,0
1975,artillery,GCT,0
1975,artillery,Model-56,0
1975,artillery,NA,0
1975,ballistic missiles,SSBS S-3,9
1975,helicopters,Alouette,0
1975,helicopters,Alouette II,214
1975,helicopters,Alouette II/III,0
1975,helicopters,Alouette III,111
1975,helicopters,Bell,85
1975,helicopters,H-34/Alouette II/III,93
1975,helicopters,SA-341F (Gazelle),60
1975,helicopters,Super Frelon,0
1975,mine warfare,NA,46
1975,patrol and coastal combatants,NA,0
1975,principal surface combatants,NA,47
1975,radars,STRIDA II,0
1975,submarines,NA,22
1975,surface-to-surface missile launchers,HAWK,60
1975,surface-to-surface missile launchers,Honest Jon,0
1975,surface-to-surface missile launchers,Pluton,12
1975,surface-to-surface missile launchers,Roland,0
1976,air defence,NA,0
1976,aircraft,Atlantic,25
1976,aircraft,C-160,0
1976,aircraft,C-160 Transall,50
1976,aircraft,C-47,0
1976,aircraft,Crusader (F-8E),20
1976,aircraft,DC-4,0
1976,aircraft,DC-6,0
1976,aircraft,DC-6B,4
1976,aircraft,DC-8,4
1976,aircraft,Entendard IVP,12
1976,aircraft,F-1,60
1976,aircraft,F-100D,30
1976,aircraft,Fouga CM-175,0
1976,aircraft,HSS-1,12
1976,aircraft,HSS-1 Seabat,15
1976,aircraft,IIIC,38
1976,aircraft,IIIE,120
1976,aircraft,IIIRD/IIIR,45
1976,aircraft,Jaguar,75
1976,aircraft,KC-135F,11
1976,aircraft,Mirage IIIB,0
1976,aircraft,Mirage IV A,36
1976,aircraft,Mirage IVA,0
1976,aircraft,Mirage VF,48
1976,aircraft,Noratlas,122
1976,aircraft,Nord 262,0
1976,aircraft,Puma,14
1976,aircraft,SP-2H Neptune,10
1976,aircraft,Super Mystere,38
1976,aircraft,Vautour IIB/N,16
1976,amphibious,NA,23
1976,armoured fighting vehicles,AMX-10,330
1976,armoured fighting vehicles,AMX-13,1120
1976,armoured fighting vehicles,AMX-30,1060
1976,armoured fighting vehicles,VP-90,0
1976,artillery,AMX,0
1976,artillery,GCT,0
1976,artillery,NA,0
1976,ballistic missiles,SSBS S-3,9
1976,helicopters,Alouette,0
1976,helicopters,Alouette II,295
1976,helicopters,Alouette II/III,0
1976,helicopters,Alouette III,141
1976,helicopters,Bell,85
1976,helicopters,SA-330/341F (Puma/Gazelle),267
1976,helicopters,Super Frelon,0
1976,mine warfare,NA,39
1976,patrol and coastal combatants,NA,0
1976,principal surface combatants,NA,52
1976,radars,STRIDA II,0
1976,submarines,NA,26
1976,surface-to-surface missile launchers,HAWK,60
1976,surface-to-surface missile launchers,Pluton,24
1976,surface-to-surface missile launchers,Roland,0
1977,air defence,NA,0
1977,aircraft,Alize,0
1977,aircraft,Atlantic,25
1977,aircraft,Broussard,12
1977,aircraft,C-160,0
1977,aircraft,C-160 Transall,47
1977,aircraft,C-47,0
1977,aircraft,Caravelle,1
1977,aircraft,Crusader (F-8E),20
1977,aircraft,DC-4,0
1977,aircraft,DC-6,0
1977,aircraft,DC-8,0
1977,aircraft,DC-8F,5
1977,aircraft,Entendard IVP,8
1977,aircraft,Etendard,0
1977,aircraft,F-1,90
1977,aircraft,F-100D,10
1977,aircraft,Flamant,34
1977,aircraft,Fouga CM-175,0
1977,aircraft,Fregate,18
1977,aircraft,HSS-1,16
1977,aircraft,IIIC,15
1977,aircraft,IIIE,140
1977,aircraft,IIIRD/IIIR,58
1977,aircraft,Jaguar,0
1977,aircraft,Jaguar A/E,135
1977,aircraft,KC-135F,11
1977,aircraft,MIrage IIIB/BE/C,30
1977,aircraft,Magister,300
1977,aircraft,Mirage IIIB,0
1977,aircraft,Mirage IV A,36
1977,aircraft,Mirage IVA,0
1977,aircraft,Mirage VF,48
1977,aircraft,Mystere Falcon-20,8
1977,aircraft,Noratlas,72
1977,aircraft,Nord 262,0
1977,aircraft,Paris,24
1977,aircraft,Puma,2
1977,aircraft,Rallye,1
1977,aircraft,SP-2H Neptune,10
1977,aircraft,Super Mystere,15
1977,aircraft,T-33/Mystere IV/Noratlas,366
1977,aircraft,Vautour IIB/N,16
1977,amphibious,NA,53
1977,armoured fighting vehicles,AMX VCI,0
1977,armoured fighting vehicles,AMX-10,442
1977,armoured fighting vehicles,AMX-13,1120
1977,armoured fighting vehicles,AMX-30,1060
1977,artillery,AMX,0
1977,artillery,GCT,0
1977,artillery,NA,0
1977,ballistic missiles,SSBS S-3,9
1977,helicopters,Alouette,0
1977,helicopters,Alouette II,206
1977,helicopters,Alouette II/III,0
1977,helicopters,Alouette III,91
1977,helicopters,Alouette-II/-III,130
1977,helicopters,SA-330 Puma,150
1977,helicopters,SA-341F,140
1977,helicopters,Super Frelon,0
1977,mine warfare,NA,38
1977,patrol and coastal combatants,NA,6
1977,principal surface combatants,NA,46
1977,radars,STRIDA II,0
1977,submarines,NA,25
1977,surface-to-surface missile launchers,Crotale,0
1977,surface-to-surface missile launchers,HAWK,54
1977,surface-to-surface missile launchers,Pluton,24
1977,surface-to-surface missile launchers,Roland,0
1978,air defence,NA,0
1978,air-launched missiles,AS-37 Martel,0
1978,air-launched missiles,AS.20,0
1978,air-launched missiles,AS.30,0
1978,air-launched missiles,R.503,0
1978,air-launched missiles,R.550 Magic,0
1978,air-launched missiles,Sidewinder,0
1978,aircraft,Alize,0
1978,aircraft,Alouette II/III,70
1978,aircraft,Atlantic,25
1978,aircraft,Broussard,49
1978,aircraft,C-160,0
1978,aircraft,C-160 Transall,45
1978,aircraft,C-47,0
1978,aircraft,Caravelle,5
1978,aircraft,Crusader (F-8E),20
1978,aircraft,DC-4,0
1978,aircraft,DC-6,0
1978,aircraft,DC-8,0
1978,aircraft,DC-8F,4
1978,aircraft,Entendard IVP,8
1978,aircraft,Etendard IVM,36
1978,aircraft,F-1C,90
1978,aircraft,Falcon,0
1978,aircraft,Flamant,0
1978,aircraft,Fregate,24
1978,aircraft,IIIC,30
1978,aircraft,IIIE,105
1978,aircraft,IIIRD/IIIR,45
1978,aircraft,Jaguar,0
1978,aircraft,Jaguar A/E,105
1978,aircraft,Jaguar E,25
1978,aircraft,KC-135F,11
1978,aircraft,MIrage IIIB/BE/C,25
1978,aircraft,Magister,14
1978,aircraft,Magister T-53,40
1978,aircraft,Mirage IIIB,0
1978,aircraft,Mirage IV A,33
1978,aircraft,Mirage IVA,0
1978,aircraft,Mirage VF,30
1978,aircraft,Mystere Falcon-20,10
1978,aircraft,Mystere IV,0
1978,aircraft,Noratlas,67
1978,aircraft,Nord 262,4
1978,aircraft,Paris,35
1978,aircraft,Puma,18
1978,aircraft,Rallye,0
1978,aircraft,SP-2H Neptune,10
1978,aircraft,Super Etendard,20
1978,aircraft,T-33A,43
1978,aircraft,Vautour IIB/N,16
1978,amphibious,NA,48
1978,armoured fighting vehicles,AML,450
1978,armoured fighting vehicles,AMX VCI,0
1978,armoured fighting vehicles,AMX-10,500
1978,armoured fighting vehicles,AMX-13,1100
1978,armoured fighting vehicles,AMX-13 VTT,1500
1978,armoured fighting vehicles,AMX-30,1060
1978,armoured fighting vehicles,VAB,100
1978,artillery,GCT,0
1978,artillery,NA,0
1978,ballistic missiles,SSBS S-3,9
1978,helicopters,Alouette,0
1978,helicopters,Alouette II,194
1978,helicopters,Alouette II/III,33
1978,helicopters,Alouette III,78
1978,helicopters,SA-330 Puma,135
1978,helicopters,SA-341F,170
1978,helicopters,Super Frelon,5
1978,mine warfare,NA,35
1978,patrol and coastal combatants,La Combattante,1
1978,patrol and coastal combatants,Trident,4
1978,patrol and coastal combatants,NA,16
1978,principal surface combatants,NA,46
1978,radars,STRIDA II,0
1978,submarines,NA,25
1978,surface-to-surface missile launchers,Crotale,0
1978,surface-to-surface missile launchers,HAWK,54
1978,surface-to-surface missile launchers,Pluton,30
1978,surface-to-surface missile launchers,Roland,0
1979,air defence,NA,0
1979,air-launched missiles,AS-37 Martel,0
1979,air-launched missiles,R-550 Magic I/II,0
1979,air-launched missiles,Sidewinder,0
1979,air-launched missiles,Super 530,0
1979,aircraft,Alize,16
1979,aircraft,Alouetta II,9
1979,aircraft,Alouetta III,10
1979,aircraft,Alouette II/III,0
1979,aircraft,AlphaJet,0
1979,aircraft,Atlantic,28
1979,aircraft,Broussard,30
1979,aircraft,C-160,0
1979,aircraft,C-160 Transall,48
1979,aircraft,C-47,15
1979,aircraft,Cap-10,0
1979,aircraft,Caravelle,2
1979,aircraft,Crusader (F-8E),17
1979,aircraft,DC-4,0
1979,aircraft,DC-6A,0
1979,aircraft,DC-8,0
1979,aircraft,DC-8F,4
1979,aircraft,Entendard IVP,8
1979,aircraft,Etendard IVM,24
1979,aircraft,F-1C,90
1979,aircraft,Falcon,2
1979,aircraft,Flamant,0
1979,aircraft,Fregate,35
1979,aircraft,IIIC,30
1979,aircraft,IIIE,105
1979,aircraft,IIIRD/IIIR,45
1979,aircraft,Jaguar,0
1979,aircraft,Jaguar A/E,130
1979,aircraft,Jaguar E,0
1979,aircraft,KC-135F,11
1979,aircraft,MIrage IIIB/BE,23
1979,aircraft,Magister,14
1979,aircraft,Magister T-53,40
1979,aircraft,Mirage 5F,40
1979,aircraft,Mirage F-1B,14
1979,aircraft,Mirage IIIB,0
1979,aircraft,Mirage IV A,33
1979,aircraft,Mirage IVA,0
1979,aircraft,Mystere Falcon-20,9
1979,aircraft,Mystere IV,0
1979,aircraft,Navajo,11
1979,aircraft,Noratlas,76
1979,aircraft,Nord 262,11
1979,aircraft,Paris,40
1979,aircraft,Puma,7
1979,aircraft,Rallye-100S,15
1979,aircraft,SP-2H Neptune,18
1979,aircraft,Super Etendard,20
1979,aircraft,T-33A,43
1979,amphibious,NA,43
1979,anti-tank and anti-infrastructure,SS-11/12,0
1979,armoured fighting vehicles,AML,450
1979,armoured fighting vehicles,AMX VCI,0
1979,armoured fighting vehicles,AMX-10,500
1979,armoured fighting vehicles,AMX-13,1100
1979,armoured fighting vehicles,AMX-13 VTT,1500
1979,armoured fighting vehicles,AMX-30,1060
1979,armoured fighting vehicles,VAB,500
1979,artillery,GCT,0
1979,artillery,NA,265
1979,ballistic missiles,SSBS S-3,18
1979,helicopters,Alouette,0
1979,helicopters,Alouette II,221
1979,helicopters,Alouette II/III,33
1979,helicopters,Alouette III,109
1979,helicopters,Lynx,0
1979,helicopters,Puma,8
1979,helicopters,SA-330 Puma,135
1979,helicopters,SA-341F,166
1979,helicopters,Super Frelon,0
1979,mine warfare,Circe,5
1979,mine warfare,US Adjutant,15
1979,mine warfare,US Agressive,13
1979,mine warfare,NA,21
1979,patrol and coastal combatants,Br-Ham,5
1979,patrol and coastal combatants,Cdn La Dunkerquise,4
1979,patrol and coastal combatants,La Combattante,1
1979,patrol and coastal combatants,Le Fougueux,4
1979,patrol and coastal combatants,Siriuis,7
1979,patrol and coastal combatants,Trident,4
1979,patrol and coastal combatants,NA,0
1979,principal surface combatants,C-65,1
1979,principal surface combatants,Clemenceau,2
1979,principal surface combatants,Colbert,2
1979,principal surface combatants,F-67,3
1979,principal surface combatants,Jeane D'Arc,1
1979,principal surface combatants,Riviere,9
1979,principal surface combatants,Suffren,2
1979,principal surface combatants,T-47,9
1979,principal surface combatants,T-53,3
1979,principal surface combatants,T-56,1
1979,principal surface combatants,Type A-69,8
1979,principal surface combatants,Type E-52,8
1979,principal surface combatants,NA,0
1979,radars,STRIDA II,0
1979,submarines,Agosta,4
1979,submarines,Arethuse,4
1979,submarines,Daphne,9
1979,submarines,Narval,6
1979,submarines,NA,4
1979,surface-to-surface missile launchers,Crotale,0
1979,surface-to-surface missile launchers,HAWK,54
1979,surface-to-surface missile launchers,Pluton,32
1979,surface-to-surface missile launchers,Roland,16
1980,air defence,NA,0
1980,air-launched missiles,AS-30,0
1980,air-launched missiles,AS-37 Martel,0
1980,air-launched missiles,R-530,0
1980,air-launched missiles,R-550 Magic I/II,0
1980,air-launched missiles,Sidewinder,0
1980,air-launched missiles,Super 530,0
1980,aircraft,Alize,13
1980,aircraft,Alouetta II,0
1980,aircraft,Alouetta II/III,17
1980,aircraft,Alouetta III,0
1980,aircraft,Alouette II/III,0
1980,aircraft,AlphaJet,33
1980,aircraft,Atlantic,28
1980,aircraft,Broussard,10
1980,aircraft,C-160,0
1980,aircraft,C-160 Transall,75
1980,aircraft,C-47,0
1980,aircraft,C-54,0
1980,aircraft,Cap-10,30
1980,aircraft,Cap-20,25
1980,aircraft,Caravelle,0
1980,aircraft,Crusader (F-8E),15
1980,aircraft,DC-6A,0
1980,aircraft,DC-8,0
1980,aircraft,DC-8F,90
1980,aircraft,DHC-6,0
1980,aircraft,Entendard IVP,7
1980,aircraft,Etendard IVM,11
1980,aircraft,F-1C,90
1980,aircraft,Falcon,5
1980,aircraft,Falcon 10MER,8
1980,aircraft,Flamant,40
1980,aircraft,Fregate,3
1980,aircraft,IIIC,30
1980,aircraft,IIIE,30
1980,aircraft,IIIRD/IIIR,45
1980,aircraft,Jaguar,45
1980,aircraft,Jaguar A/E,20
1980,aircraft,Jaguar E,0
1980,aircraft,KC-135F,11
1980,aircraft,MIrage IIIB/BE,20
1980,aircraft,Magister,12
1980,aircraft,Magister T-53,55
1980,aircraft,Mirage F-1B,0
1980,aircraft,Mirage IIIB,0
1980,aircraft,Mirage IV A,33
1980,aircraft,Mirage IVA,0
1980,aircraft,Mystere Falcon-20,2
1980,aircraft,Mystere IV,0
1980,aircraft,Navajo,11
1980,aircraft,Noratlas,55
1980,aircraft,Nord 262,14
1980,aircraft,Paris,13
1980,aircraft,Puma,14
1980,aircraft,Rallye-100S,15
1980,aircraft,SP-2H Neptune,7
1980,aircraft,Super Etendard,36
1980,aircraft,T-33A,30
1980,amphibious,NA,54
1980,anti-tank and anti-infrastructure,SS-11/12,0
1980,armoured fighting vehicles,AML,690
1980,armoured fighting vehicles,AMX-10,560
1980,armoured fighting vehicles,AMX-10RC,10
1980,armoured fighting vehicles,AMX-13,1050
1980,armoured fighting vehicles,AMX-13 VTT,1630
1980,armoured fighting vehicles,AMX-30,1220
1980,armoured fighting vehicles,VAB,540
1980,artillery,AU-50,195
1980,artillery,BF-50,210
1980,artillery,F-3,220
1980,artillery,GCT,0
1980,artillery,NA,315
1980,ballistic missiles,SSBS S-3,18
1980,helicopters,Alouette,0
1980,helicopters,Alouette II,223
1980,helicopters,Alouette II/III,37
1980,helicopters,Alouette III,96
1980,helicopters,Lynx,0
1980,helicopters,Puma,8
1980,helicopters,SA-330 Puma,132
1980,helicopters,SA-341F,166
1980,helicopters,SA-342M,5
1980,helicopters,Super Frelon,5
1980,logistics and support,NA,8
1980,mine warfare,Circe,5
1980,mine warfare,Sirius,5
1980,mine warfare,US Adjutant,12
1980,mine warfare,US Agressive,10
1980,mine warfare,NA,0
1980,patrol and coastal combatants,Br-Ham,5
1980,patrol and coastal combatants,Cdn La Dunkerquise,4
1980,patrol and coastal combatants,La Combattante,1
1980,patrol and coastal combatants,Le Fougueux,1
1980,patrol and coastal combatants,Siriuis,5
1980,patrol and coastal combatants,Trident,4
1980,patrol and coastal combatants,NA,0
1980,principal surface combatants,1.0,1
1980,principal surface combatants,C-65,1
1980,principal surface combatants,C-70,1
1980,principal surface combatants,Clemenceau,2
1980,principal surface combatants,Colbert,0
1980,principal surface combatants,F-67,3
1980,principal surface combatants,Jeane D'Arc,1
1980,principal surface combatants,Riviere,9
1980,principal surface combatants,Suffren,2
1980,principal surface combatants,T-47,9
1980,principal surface combatants,T-53,3
1980,principal surface combatants,T-56,1
1980,principal surface combatants,Type A-69,10
1980,principal surface combatants,Type E-52,5
1980,principal surface combatants,NA,0
1980,radars,STRIDA II,0
1980,submarines,Agosta,4
1980,submarines,Arethuse,2
1980,submarines,Daphne,9
1980,submarines,Narval,6
1980,submarines,NA,5
1980,surface-to-surface missile launchers,Crotale,24
1980,surface-to-surface missile launchers,HAWK,0
1980,surface-to-surface missile launchers,Pluton,0
1980,surface-to-surface missile launchers,Roland,0
1981,air defence,NA,0
1981,air-launched missiles,AS-30,0
1981,air-launched missiles,AS-37 Martel,0
1981,air-launched missiles,R-530,0
1981,air-launched missiles,R-550 Magic I/II,0
1981,air-launched missiles,Sidewinder,0
1981,air-launched missiles,Super 530,0
1981,aircraft,Alize,5
1981,aircraft,Alouetta II,0
1981,aircraft,Alouetta II/III,13
1981,aircraft,Alouetta III,0
1981,aircraft,Alouette II/III,0
1981,aircraft,AlphaJet,80
1981,aircraft,Atlantic,28
1981,aircraft,Broussard,10
1981,aircraft,Broussard/Magister,30
1981,aircraft,C-160,19
1981,aircraft,C-160 Transall,56
1981,aircraft,C-47D,0
1981,aircraft,CAP-10,6
1981,aircraft,Caravelle,0
1981,aircraft,Crusader (F-8E),15
1981,aircraft,DC-6A,0
1981,aircraft,DC-8,0
1981,aircraft,DC-8F,5
1981,aircraft,DHC-6,10
1981,aircraft,Entendard IVP,7
1981,aircraft,Etendard IVM,12
1981,aircraft,F-1C,105
1981,aircraft,Falcon 10MER,6
1981,aircraft,Fregate,3
1981,aircraft,IIIC,30
1981,aircraft,IIIE,30
1981,aircraft,IIIRD/IIIR,45
1981,aircraft,Jaguar,45
1981,aircraft,Jaguar E,0
1981,aircraft,Jaguar-A/E,20
1981,aircraft,KC-135F,11
1981,aircraft,Magister,12
1981,aircraft,Magister T-53,38
1981,aircraft,Mirage F-1B,0
1981,aircraft,Mirage IIIB,0
1981,aircraft,Mirage IIIB/BE,20
1981,aircraft,Mirage IIIB/BRU,4
1981,aircraft,Mirage IV A,37
1981,aircraft,Mirage IVA,0
1981,aircraft,Mystere Falcon-20,2
1981,aircraft,Mystere Falcon-50,1
1981,aircraft,Mystere Falcon-IV,0
1981,aircraft,Navajo,11
1981,aircraft,Noratlas,54
1981,aircraft,Noratlas N-2051/SNB,5
1981,aircraft,Nord 2504,0
1981,aircraft,Nord 262,16
1981,aircraft,Paris,12
1981,aircraft,Puma,0
1981,aircraft,Rallye-100S,15
1981,aircraft,SP-2H Neptune,7
1981,aircraft,Super Etendard,36
1981,amphibious,NA,44
1981,anti-tank and anti-infrastructure,SS-11,0
1981,armoured fighting vehicles,AML,440
1981,armoured fighting vehicles,AMX-10P,600
1981,armoured fighting vehicles,AMX-10RC,39
1981,armoured fighting vehicles,AMX-13,340
1981,armoured fighting vehicles,AMX-13 VTT,1540
1981,armoured fighting vehicles,AMX-30,1114
1981,armoured fighting vehicles,VAB,900
1981,artillery,AU-50,0
1981,artillery,BF-50,112
1981,artillery,F-3,205
1981,artillery,GCT,10
1981,artillery,HM-2,195
1981,artillery,NA,463
1981,ballistic missiles,SSBS S-3,18
1981,helicopters,Alouette,0
1981,helicopters,Alouette II,206
1981,helicopters,Alouette II/III,24
1981,helicopters,Alouette III,93
1981,helicopters,Lynx,4
1981,helicopters,Puma,22
1981,helicopters,SA-330 Puma,118
1981,helicopters,SA-341F,154
1981,helicopters,SA-342M,42
1981,helicopters,Super Frelon,7
1981,logistics and support,NA,13
1981,mine warfare,Circe,5
1981,mine warfare,Sirius,5
1981,mine warfare,US Adjutant,12
1981,mine warfare,US Agressive,10
1981,mine warfare,NA,0
1981,patrol and coastal combatants,Cdn La Dunkerquise,4
1981,patrol and coastal combatants,La Combattante,1
1981,patrol and coastal combatants,Le Fougueux,1
1981,patrol and coastal combatants,Siriuis,4
1981,patrol and coastal combatants,Trident,4
1981,patrol and coastal combatants,NA,0
1981,principal surface combatants,1.0,1
1981,principal surface combatants,C-65,1
1981,principal surface combatants,C-70,2
1981,principal surface combatants,Clemenceau,2
1981,principal surface combatants,Colbert,0
1981,principal surface combatants,F-67,3
1981,principal surface combatants,Jeane D'Arc,1
1981,principal surface combatants,Riviere,9
1981,principal surface combatants,Suffren,2
1981,principal surface combatants,T-47,9
1981,principal surface combatants,T-53,2
1981,principal surface combatants,T-56,1
1981,principal surface combatants,Type A-69,10
1981,principal surface combatants,NA,0
1981,radars,STRIDA II,0
1981,submarines,Agosta,4
1981,submarines,Arethuse,2
1981,submarines,Daphne,9
1981,submarines,Narval,6
1981,submarines,NA,5
1981,surface-to-surface missile launchers,Crotale,24
1981,surface-to-surface missile launchers,HAWK,60
1981,surface-to-surface missile launchers,Pluton,42
1981,surface-to-surface missile launchers,Roland,24
1981,unmanned aerial vehicles,R-20,0
1982,air defence,NA,104
1982,air-launched missiles,AIM-9 Sidewinder,0
1982,air-launched missiles,AM-39 Exocet,0
1982,air-launched missiles,AS-11/-12/-30,0
1982,air-launched missiles,AS-30/-30L,0
1982,air-launched missiles,AS-37 Martel,0
1982,air-launched missiles,Martel AS-37,0
1982,air-launched missiles,R-530,0
1982,air-launched missiles,R-550 Magic,0
1982,air-launched missiles,R-550 Magic I/II,0
1982,air-launched missiles,Sidewinder,0
1982,air-launched missiles,Super 530,0
1982,aircraft,Alize,5
1982,aircraft,Alouetta II,0
1982,aircraft,Alouetta II/III,13
1982,aircraft,Alouetta III,0
1982,aircraft,Alouette II/III,0
1982,aircraft,AlphaJet,100
1982,aircraft,Atlantic,27
1982,aircraft,Breguet 941,4
1982,aircraft,Broussard,26
1982,aircraft,Broussard/Magister,30
1982,aircraft,C-160,3
1982,aircraft,C-160 Transall,46
1982,aircraft,C-47D,2
1982,aircraft,CAP-10,6
1982,aircraft,Caravelle,0
1982,aircraft,Crusader (F-8E),16
1982,aircraft,DC-6A,0
1982,aircraft,DC-8,0
1982,aircraft,DC-8F,4
1982,aircraft,DHC-6,4
1982,aircraft,Entendard IVP,8
1982,aircraft,Etendard IVM,12
1982,aircraft,F-1B,15
1982,aircraft,F-1C,120
1982,aircraft,Falcon 10MER,5
1982,aircraft,Fregate,0
1982,aircraft,IIIC,30
1982,aircraft,IIIE,30
1982,aircraft,IIIRD/IIIR,45
1982,aircraft,Jaguar,45
1982,aircraft,Jaguar E,0
1982,aircraft,Jaguar-A/E,38
1982,aircraft,KC-135F,11
1982,aircraft,Magister,12
1982,aircraft,Magister T-53,0
1982,aircraft,Mirage F-1B,0
1982,aircraft,Mirage III/F-1,0
1982,aircraft,Mirage IIIB,0
1982,aircraft,Mirage IIIB/BRV,4
1982,aircraft,Mirage IV A,44
1982,aircraft,Mirage IVA,0
1982,aircraft,Mystere Falcon-20,8
1982,aircraft,Mystere Falcon-50,1
1982,aircraft,Navajo,11
1982,aircraft,Noratlas,47
1982,aircraft,Noratlas N-2051/SNB,5
1982,aircraft,Nord 2504,0
1982,aircraft,Nord 262,45
1982,aircraft,Paris,40
1982,aircraft,Puma,0
1982,aircraft,Rallye-100S,15
1982,aircraft,SP-2H Neptune,9
1982,aircraft,Super Etendard,36
1982,aircraft,Xingu,8
1982,aircraft,Xingu (EMB-121),8
1982,amphibious,Batral,2
1982,amphibious,Ouragan,2
1982,amphibious,NA,42
1982,anti-tank and anti-infrastructure,SS-11,220
1982,armoured fighting vehicles,AML,500
1982,armoured fighting vehicles,AMX-10P,620
1982,armoured fighting vehicles,AMX-10RC,65
1982,armoured fighting vehicles,AMX-13,780
1982,armoured fighting vehicles,AMX-13 VTT,1050
1982,armoured fighting vehicles,AMX-30,0
1982,armoured fighting vehicles,AMX-30/-B2,1140
1982,armoured fighting vehicles,VAB,1100
1982,armoured fighting vehicles,VIB,50
1982,artillery,AU-50,145
1982,artillery,BF-50,112
1982,artillery,F-3,173
1982,artillery,GCT,6
1982,artillery,HM-2,145
1982,artillery,NA,836
1982,ballistic missiles,SSBS S-3,18
1982,helicopters,Alouette,0
1982,helicopters,Alouette II,209
1982,helicopters,Alouette II/III,30
1982,helicopters,Alouette III,99
1982,helicopters,Lynx,2
1982,helicopters,Puma,26
1982,helicopters,SA-330 Puma,118
1982,helicopters,SA-341F,154
1982,helicopters,SA-342M,42
1982,helicopters,Super Frelon,2
1982,logistics and support,NA,11
1982,mine warfare,Circe,5
1982,mine warfare,Eridan,2
1982,mine warfare,Sirius,0
1982,mine warfare,US Agressive,5
1982,mine warfare,NA,0
1982,patrol and coastal combatants,Berlaimont,5
1982,patrol and coastal combatants,Cdn La Dunkerquise,4
1982,patrol and coastal combatants,La Combattante,1
1982,patrol and coastal combatants,Mervure,1
1982,patrol and coastal combatants,Siriuis,4
1982,patrol and coastal combatants,Stern,1
1982,patrol and coastal combatants,Trident,4
1982,patrol and coastal combatants,Type-D,5
1982,patrol and coastal combatants,NA,0
1982,principal surface combatants,1.0,1
1982,principal surface combatants,Balny,1
1982,principal surface combatants,C-65,1
1982,principal surface combatants,C-70,3
1982,principal surface combatants,Clemenceau,2
1982,principal surface combatants,Colbert,0
1982,principal surface combatants,F-67,3
1982,principal surface combatants,Jeane D'Arc,1
1982,principal surface combatants,Riviere,8
1982,principal surface combatants,Suffren,2
1982,principal surface combatants,T-47,3
1982,principal surface combatants,T-53,1
1982,principal surface combatants,T-56,1
1982,principal surface combatants,Type A-69,14
1982,principal surface combatants,NA,0
1982,radars,STRIDA II,0
1982,submarines,Agosta,4
1982,submarines,Arethuse,1
1982,submarines,Daphne,9
1982,submarines,Narval,6
1982,submarines,Rubis,1
1982,submarines,NA,5
1982,surface-to-surface missile launchers,Crotale,21
1982,surface-to-surface missile launchers,HAWK,66
1982,surface-to-surface missile launchers,Pluton,0
1982,surface-to-surface missile launchers,Pluton Launcher,42
1982,surface-to-surface missile launchers,Roland,60
1982,unmanned aerial vehicles,CL-89,0
1983,air defence,NA,160
1983,air-launched missiles,AIM-9 Sidewinder,0
1983,air-launched missiles,AM-39 Exocet,0
1983,air-launched missiles,AS-11/-12/-30,0
1983,air-launched missiles,AS-30/-30L,0
1983,air-launched missiles,Martel AS-37,0
1983,air-launched missiles,R-530,0
1983,air-launched missiles,R-550 Magic,0
1983,air-launched missiles,R-550 Magic I/II,0
1983,air-launched missiles,Sidewinder,0
1983,air-launched missiles,Super 530F,0
1983,aircraft,15C-47D,5
1983,aircraft,Alize,5
1983,aircraft,Alouetta II,0
1983,aircraft,Alouetta II/III,13
1983,aircraft,Alouetta III,0
1983,aircraft,Alouette II/III,0
1983,aircraft,AlphaJet,120
1983,aircraft,Atlantic,34
1983,aircraft,Broussard,23
1983,aircraft,Broussard/Magister,30
1983,aircraft,C-160,0
1983,aircraft,C-160 Transall,48
1983,aircraft,C-160NG,13
1983,aircraft,C-47D,2
1983,aircraft,CAP-10,6
1983,aircraft,Caravelle,4
1983,aircraft,Crusader,15
1983,aircraft,DC-8,0
1983,aircraft,DC-8F,4
1983,aircraft,DHC-6,10
1983,aircraft,Entendard IVP,8
1983,aircraft,Etendard IVM,12
1983,aircraft,F-1B,15
1983,aircraft,F-1C,120
1983,aircraft,F-1CR,15
1983,aircraft,Falcon 10MER,19
1983,aircraft,Fregate,0
1983,aircraft,Gardian,2
1983,aircraft,IIIC,29
1983,aircraft,IIIE,30
1983,aircraft,IIIRD/IIIR,30
1983,aircraft,Jaguar,45
1983,aircraft,Jaguar E,0
1983,aircraft,Jaguar-A/E,15
1983,aircraft,KC-135F,11
1983,aircraft,L-19,40
1983,aircraft,MH-1521 (Broussard),40
1983,aircraft,Magister,12
1983,aircraft,Mirage F-1B,0
1983,aircraft,Mirage III/F-1,0
1983,aircraft,Mirage IIIB,0
1983,aircraft,Mirage IIIB/BRV,13
1983,aircraft,Mirage IV A,34
1983,aircraft,Mirage IVA,0
1983,aircraft,Mirage IVP,4
1983,aircraft,Mystere Falcon-20,8
1983,aircraft,Mystere Falcon-50,1
1983,aircraft,Navajo,11
1983,aircraft,Noralates,43
1983,aircraft,Noratlas,4
1983,aircraft,Noratlas N-2051/SNB,5
1983,aircraft,Nord 2504,0
1983,aircraft,Nord 262,43
1983,aircraft,Nord 264,14
1983,aircraft,Paris,25
1983,aircraft,Puma,0
1983,aircraft,Rallye-100S,15
1983,aircraft,SP-2H Neptune,3
1983,aircraft,Super Etendard,36
1983,aircraft,Xingu,20
1983,aircraft,Xingu (EMB-121),16
1983,amphibious,Batral,4
1983,amphibious,Ouragan,2
1983,amphibious,NA,46
1983,anti-tank and anti-infrastructure,SS-11,83
1983,armoured fighting vehicles,AML,680
1983,armoured fighting vehicles,AMX-10P/PC/VOA,774
1983,armoured fighting vehicles,AMX-10RC,189
1983,armoured fighting vehicles,AMX-13,1010
1983,armoured fighting vehicles,AMX-13 VTT,1170
1983,armoured fighting vehicles,AMX-30,1210
1983,armoured fighting vehicles,AMX-30B2,30
1983,armoured fighting vehicles,VAB,2091
1983,artillery,AU-50,184
1983,artillery,BF-50,218
1983,artillery,F-3,216
1983,artillery,GCT,19
1983,artillery,HM-2,165
1983,artillery,NA,1110
1983,ballistic missiles,SSBS S-3,18
1983,helicopters,Alouette,0
1983,helicopters,Alouette II,257
1983,helicopters,Alouette II/III,23
1983,helicopters,Alouette III,101
1983,helicopters,Lynx,2
1983,helicopters,SA-330 Puma,134
1983,helicopters,SA-341F,175
1983,helicopters,SA-342M,86
1983,helicopters,Super Frelon,2
1983,logistics and support,NA,12
1983,mine warfare,Circe,5
1983,mine warfare,Eridan,1
1983,mine warfare,Sirius,0
1983,mine warfare,US Agressive,5
1983,mine warfare,NA,0
1983,patrol and coastal combatants,Berlaimont,5
1983,patrol and coastal combatants,Cdn La Dunkerquise,4
1983,patrol and coastal combatants,La Combattante,1
1983,patrol and coastal combatants,Patra,4
1983,patrol and coastal combatants,Siriuis,1
1983,patrol and coastal combatants,Type-D,5
1983,patrol and coastal combatants,NA,0
1983,principal surface combatants,1.0,1
1983,principal surface combatants,C-65,1
1983,principal surface combatants,C-70,4
1983,principal surface combatants,Clemenceau,2
1983,principal surface combatants,Colbert,0
1983,principal surface combatants,F-67,3
1983,principal surface combatants,Riviere,9
1983,principal surface combatants,Suffren,2
1983,principal surface combatants,T-47,8
1983,principal surface combatants,T-53,1
1983,principal surface combatants,T-56,1
1983,principal surface combatants,Type A-69,16
1983,principal surface combatants,NA,1
1983,radars,STRIDA II,0
1983,submarines,Agosta,4
1983,submarines,Daphne,9
1983,submarines,Narval,4
1983,submarines,Rubis,1
1983,submarines,NA,5
1983,surface-to-surface missile launchers,Crotale,24
1983,surface-to-surface missile launchers,HAWK,69
1983,surface-to-surface missile launchers,MM-38 (Exocet),0
1983,surface-to-surface missile launchers,MM-40,0
1983,surface-to-surface missile launchers,Masurca,0
1983,surface-to-surface missile launchers,Pluton,0
1983,surface-to-surface missile launchers,Pluton Launcher,46
1983,surface-to-surface missile launchers,Roland,116
1983,surface-to-surface missile launchers,SM-39,0
1983,surface-to-surface missile launchers,Tartar,0
1983,unmanned aerial vehicles,CL-89,7
1984,air defence,NA,200
1984,air-launched missiles,AIM-9 Sidewinder,0
1984,air-launched missiles,AM-39 Exocet,0
1984,air-launched missiles,AS-11/-12/-30,0
1984,air-launched missiles,AS-30/-30L,0
1984,air-launched missiles,Martel AS-37,0
1984,air-launched missiles,R-530,0
1984,air-launched missiles,R-550 Magic,0
1984,air-launched missiles,R-550 Magic I/II,0
1984,air-launched missiles,Sidewinder,0
1984,air-launched missiles,Super 530F,0
1984,aircraft,-2000.0,14
1984,aircraft,Alize,9
1984,aircraft,Alouetta II,9
1984,aircraft,Alouetta III,9
1984,aircraft,Alouette II/III,0
1984,aircraft,AlphaJet,103
1984,aircraft,Atlantic,27
1984,aircraft,Broussard,23
1984,aircraft,Broussard/Magister,30
1984,aircraft,C-160,7
1984,aircraft,C-160 Transall,41
1984,aircraft,C-160NG,20
1984,aircraft,CAP-10,6
1984,aircraft,CAP-20B/20,57
1984,aircraft,Caravelle,4
1984,aircraft,Crusader,14
1984,aircraft,DC-8,0
1984,aircraft,DC-8 (EE-51),1
1984,aircraft,DC-8F,5
1984,aircraft,DHC-6,10
1984,aircraft,Entendard IVP,8
1984,aircraft,Epsilon,12
1984,aircraft,Etendard IVM,12
1984,aircraft,F-1B,15
1984,aircraft,F-1C,120
1984,aircraft,F-1CR,15
1984,aircraft,Falcon 10MER,5
1984,aircraft,Fregate,0
1984,aircraft,Gardian,13
1984,aircraft,IIIC,25
1984,aircraft,IIIE,45
1984,aircraft,IIIR,19
1984,aircraft,IIIRD,11
1984,aircraft,Jaguar,45
1984,aircraft,Jaguar E,0
1984,aircraft,Jaguar-A/E,33
1984,aircraft,KC-135F,11
1984,aircraft,L-19,0
1984,aircraft,MH-1521 (Broussard),70
1984,aircraft,MS-760,8
1984,aircraft,Magister,0
1984,aircraft,Mirage F-1,0
1984,aircraft,Mirage F-1B,0
1984,aircraft,Mirage IIIB,0
1984,aircraft,Mirage IIIB/BRV,12
1984,aircraft,Mirage IV A,28
1984,aircraft,Mirage IVA,0
1984,aircraft,Mirage IVP,0
1984,aircraft,Mirage IVR,4
1984,aircraft,Mystere Falcon-20,10
1984,aircraft,Mystere Falcon-50,1
1984,aircraft,N-262,1
1984,aircraft,Navajo,16
1984,aircraft,Noralates,24
1984,aircraft,Noratlas N-2051/SNB,4
1984,aircraft,Nord 2504,1
1984,aircraft,Nord 262,25
1984,aircraft,Paris,18
1984,aircraft,Puma,0
1984,aircraft,Rallye 880,3
1984,aircraft,Rallye-100S,13
1984,aircraft,Super Etendard,36
1984,aircraft,Xingu,29
1984,aircraft,Xingu (EMB-121),6
1984,aircraft,Zephyr,12
1984,amphibious,Batral,4
1984,amphibious,Ouragan,2
1984,amphibious,NA,44
1984,anti-tank and anti-infrastructure,AMX-13/SS-11,135
1984,armoured fighting vehicles,AML-60/-90,664
1984,armoured fighting vehicles,AMX-10P/PC/VOA,835
1984,armoured fighting vehicles,AMX-10RC,189
1984,armoured fighting vehicles,AMX-13,500
1984,armoured fighting vehicles,AMX-13 VTT,1100
1984,armoured fighting vehicles,AMX-30,1102
1984,armoured fighting vehicles,AMX-30B2,0
1984,armoured fighting vehicles,ERC-90S,75
1984,armoured fighting vehicles,VAB,1902
1984,artillery,53T2,280
1984,artillery,76T1,100
1984,artillery,AMX-30 DCA twin,69
1984,artillery,AU-50,30
1984,artillery,AU-F-1,60
1984,artillery,BF-50,908
1984,artillery,F-3,0
1984,artillery,HM-2,165
1984,artillery,NA,946
1984,ballistic missiles,SSBS S-3,18
1984,helicopters,Alouette,10
1984,helicopters,Alouette II,232
1984,helicopters,Alouette II/III,28
1984,helicopters,Alouette III,96
1984,helicopters,Lynx,3
1984,helicopters,SA-330 Puma,130
1984,helicopters,SA-341F,165
1984,helicopters,SA-342M,90
1984,helicopters,Super Frelon,10
1984,logistics and support,NA,13
1984,mine warfare,Circe,5
1984,mine warfare,Eridan,3
1984,mine warfare,Sirius,0
1984,mine warfare,US Agressive,5
1984,mine warfare,NA,0
1984,patrol and coastal combatants,Berlaimont,6
1984,patrol and coastal combatants,Cdn La Dunkerquise,1
1984,patrol and coastal combatants,D-400,1
1984,patrol and coastal combatants,La Combattante,1
1984,patrol and coastal combatants,P-681 Albatross,1
1984,patrol and coastal combatants,Patra,4
1984,patrol and coastal combatants,Siriuis,1
1984,patrol and coastal combatants,Type-D,5
1984,patrol and coastal combatants,NA,0
1984,principal surface combatants,1.0,1
1984,principal surface combatants,C-65,1
1984,principal surface combatants,C-70,4
1984,principal surface combatants,Clemenceau,2
1984,principal surface combatants,Colbert,0
1984,principal surface combatants,F-67,3
1984,principal surface combatants,Riviere,9
1984,principal surface combatants,Suffren,2
1984,principal surface combatants,T-47,7
1984,principal surface combatants,T-53,1
1984,principal surface combatants,T-56,0
1984,principal surface combatants,Type A-69,16
1984,principal surface combatants,NA,2
1984,radars,STRIDA II,0
1984,submarines,Agosta,4
1984,submarines,Daphne,9
1984,submarines,Narval,2
1984,submarines,Rubis,2
1984,submarines,NA,5
1984,surface-to-surface missile launchers,Crotale,24
1984,surface-to-surface missile launchers,HAWK,69
1984,surface-to-surface missile launchers,MM-38 (Exocet),0
1984,surface-to-surface missile launchers,MM-40,0
1984,surface-to-surface missile launchers,Masurca,0
1984,surface-to-surface missile launchers,Pluton,0
1984,surface-to-surface missile launchers,Pluton Launcher,44
1984,surface-to-surface missile launchers,Roland I/II,128
1984,surface-to-surface missile launchers,SM-39,0
1984,surface-to-surface missile launchers,Tartar,0
1984,unmanned aerial vehicles,CL-89,4
1985,air-launched missiles,AIM-9 Sidewinder,0
1985,air-launched missiles,AM-39 Exocet,0
1985,air-launched missiles,AS-12/-30,0
1985,air-launched missiles,AS-30/-30L,0
1985,air-launched missiles,Martel AS-37,0
1985,air-launched missiles,R-530,0
1985,air-launched missiles,R-550 Magic,0
1985,air-launched missiles,Super 530F,0
1985,aircraft,-2000.0,30
1985,aircraft,Alize,7
1985,aircraft,Alouetta III,8
1985,aircraft,Alouette II,9
1985,aircraft,Alouette II/III,55
1985,aircraft,AlphaJet,113
1985,aircraft,Atlantic,27
1985,aircraft,Broussard,23
1985,aircraft,C-160,49
1985,aircraft,C-160 Transall,0
1985,aircraft,C-160NG,20
1985,aircraft,CAP-10,6
1985,aircraft,CAP-20B/20,57
1985,aircraft,Caravelle,4
1985,aircraft,Crusader,12
1985,aircraft,DC-8,5
1985,aircraft,DC-8 (EE-51),1
1985,aircraft,DC-8F,0
1985,aircraft,DHC-6,10
1985,aircraft,Dauphin,15
1985,aircraft,Entendard IVP,8
1985,aircraft,Epsilon,45
1985,aircraft,Etendard IVM,12
1985,aircraft,F-1B,14
1985,aircraft,F-1C,120
1985,aircraft,F-1CR,15
1985,aircraft,Falcon 10MER,5
1985,aircraft,Fregate,0
1985,aircraft,Gardian,5
1985,aircraft,IIIC,10
1985,aircraft,IIIE,45
1985,aircraft,IIIR,19
1985,aircraft,IIIRD,11
1985,aircraft,Jaguar E,0
1985,aircraft,Jaguar-A,60
1985,aircraft,KC-135FR,11
1985,aircraft,L-19,0
1985,aircraft,MH-1521 (Broussard),17
1985,aircraft,MS-760,47
1985,aircraft,Magister,0
1985,aircraft,Mirage F-1B,0
1985,aircraft,Mirage IIIB,12
1985,aircraft,Mirage IV A,21
1985,aircraft,Mirage IVA,0
1985,aircraft,Mirage IVP,1
1985,aircraft,Mystere Falcon-20,14
1985,aircraft,Mystere Falcon-50,1
1985,aircraft,N-262,0
1985,aircraft,Navajo,10
1985,aircraft,Noralates,24
1985,aircraft,Noratlas N-2051/SNB,4
1985,aircraft,Nord 2504,1
1985,aircraft,Nord 262,22
1985,aircraft,Puma,27
1985,aircraft,Rallye 880,3
1985,aircraft,Rallye-100S,13
1985,aircraft,Super Etendard,36
1985,aircraft,Xingu,35
1985,aircraft,Zephyr,12
1985,amphibious,Batral,4
1985,amphibious,Ouragan,2
1985,amphibious,NA,19
1985,anti-tank and anti-infrastructure,AMX-13/SS-11,113
1985,armoured fighting vehicles,AML-60/-90,600
1985,armoured fighting vehicles,AMX-10P/PC/Milan,780
1985,armoured fighting vehicles,AMX-10RC,194
1985,armoured fighting vehicles,AMX-13,342
1985,armoured fighting vehicles,AMX-13 VTT,1100
1985,armoured fighting vehicles,AMX-30,1260
1985,armoured fighting vehicles,AMX-30B2,0
1985,armoured fighting vehicles,ERC-90F4 Sagaie,48
1985,armoured fighting vehicles,VAB,1924
1985,artillery,53T2,270
1985,artillery,76T1,100
1985,artillery,AMX-30 DCA twin,57
1985,artillery,AU-50,30
1985,artillery,AU-F-1,76
1985,artillery,BF-50,208
1985,artillery,F-3,214
1985,artillery,HM-2,165
1985,artillery,TR-F-1,6
1985,artillery,NA,986
1985,ballistic missiles,SSBS S-3,18
1985,helicopters,Alouette,38
1985,helicopters,Alouette II,187
1985,helicopters,Alouette III,68
1985,helicopters,Lynx,3
1985,helicopters,SA-330,130
1985,helicopters,SA-330 Puma,0
1985,helicopters,SA-341F,0
1985,helicopters,SA-341F/M,162
1985,helicopters,SA-342M,109
1985,helicopters,Super Frelon,3
1985,logistics and support,NA,12
1985,mine warfare,Cantho,5
1985,mine warfare,Circe,5
1985,mine warfare,Eridan,3
1985,mine warfare,Mercure,1
1985,mine warfare,P-681 Albatross,1
1985,mine warfare,Sirius,0
1985,mine warfare,Sterne,1
1985,mine warfare,NA,0
1985,patrol and coastal combatants,Berlaimont,5
1985,patrol and coastal combatants,La Combattante,0
1985,patrol and coastal combatants,P-400,3
1985,patrol and coastal combatants,Patra,4
1985,patrol and coastal combatants,Type-D,5
1985,patrol and coastal combatants,NA,0
1985,principal surface combatants,1.0,1
1985,principal surface combatants,C-65,1
1985,principal surface combatants,Clemenceau,2
1985,principal surface combatants,Colbert,0
1985,principal surface combatants,Georges Leygues,4
1985,principal surface combatants,Jeanne d'Arc,1
1985,principal surface combatants,Riviere,8
1985,principal surface combatants,Suffren,2
1985,principal surface combatants,T-47,5
1985,principal surface combatants,T-53,1
1985,principal surface combatants,T-56,1
1985,principal surface combatants,Tourville,3
1985,principal surface combatants,Type A-69,17
1985,principal surface combatants,NA,3
1985,radars,STRIDA II,0
1985,submarines,Agosta,4
1985,submarines,Daphne,9
1985,submarines,Narval,3
1985,submarines,Rubis,2
1985,submarines,NA,7
1985,surface-to-surface missile launchers,Cotale,0
1985,surface-to-surface missile launchers,Crotale,0
1985,surface-to-surface missile launchers,HAWK,69
1985,surface-to-surface missile launchers,MM-38 (Exocet),0
1985,surface-to-surface missile launchers,MM-40,0
1985,surface-to-surface missile launchers,Masurca,0
1985,surface-to-surface missile launchers,Mistral,18
1985,surface-to-surface missile launchers,Pluton,0
1985,surface-to-surface missile launchers,Pluton Launcher,44
1985,surface-to-surface missile launchers,Roland I/II,138
1985,surface-to-surface missile launchers,SM-39,0
1985,surface-to-surface missile launchers,Tartar,0
1985,unmanned aerial vehicles,CL-89,4
1986,air-launched missiles,AIM-9 Sidewinder,0
1986,air-launched missiles,AM-39 Exocet,0
1986,air-launched missiles,AS-12/-30,0
1986,air-launched missiles,AS-30/-30L,0
1986,air-launched missiles,Martel AS-37,0
1986,air-launched missiles,R-530,0
1986,air-launched missiles,R-550 Magic,0
1986,air-launched missiles,Super 530F,0
1986,air-launched missiles,Super Etendard,0
1986,aircraft,-2000.0,39
1986,aircraft,Alize,5
1986,aircraft,Alouetta III,7
1986,aircraft,Alouette II,9
1986,aircraft,Alouette II/III,48
1986,aircraft,AlphaJet,102
1986,aircraft,Atlantic,26
1986,aircraft,Broussard,59
1986,aircraft,C-160,43
1986,aircraft,C-160 Astarte,4
1986,aircraft,C-160 Transall,0
1986,aircraft,C-160NG,19
1986,aircraft,CAP-10,5
1986,aircraft,CAP-20B/20,56
1986,aircraft,Caravelle,4
1986,aircraft,Crusader,12
1986,aircraft,DC-8,5
1986,aircraft,DC-8 (EE-51),1
1986,aircraft,DC-8F,0
1986,aircraft,DHC-6,10
1986,aircraft,Dauphin,1
1986,aircraft,Ecureil,8
1986,aircraft,Entendard IVP,8
1986,aircraft,Epsilon,76
1986,aircraft,Etendard IVM,12
1986,aircraft,F-1B,14
1986,aircraft,F-1C,0
1986,aircraft,F-1CP,127
1986,aircraft,F-1CR,32
1986,aircraft,Falcon 10MER,6
1986,aircraft,Falcon-20,12
1986,aircraft,Falcon-50,1
1986,aircraft,Fregate,1
1986,aircraft,Gardian,5
1986,aircraft,IIIB/BE,21
1986,aircraft,IIIC,10
1986,aircraft,IIIE,45
1986,aircraft,IIIR,19
1986,aircraft,IIIRD,11
1986,aircraft,IVA,22
1986,aircraft,IVP,8
1986,aircraft,Jaguar E,0
1986,aircraft,Jaguar-A,45
1986,aircraft,Jaguar-E,22
1986,aircraft,KC-135FR,11
1986,aircraft,L-19,0
1986,aircraft,MH-1521 (Broussard),17
1986,aircraft,MS-760,23
1986,aircraft,Magister,174
1986,aircraft,Mirage F-1B,0
1986,aircraft,Mirage IIIB,12
1986,aircraft,Mirage IV A,22
1986,aircraft,Mirage IVA,0
1986,aircraft,Mirage IVP,8
1986,aircraft,Mystere-Falcon 20P,2
1986,aircraft,N-262,0
1986,aircraft,Navajo,11
1986,aircraft,Noralates,19
1986,aircraft,Nord 2504,1
1986,aircraft,Nord 262,23
1986,aircraft,Puma,29
1986,aircraft,Rallye 880,16
1986,aircraft,Super Etendard,37
1986,aircraft,Xingu,34
1986,aircraft,Zephyr,12
1986,amphibious,Batral,4
1986,amphibious,Ouragan,2
1986,amphibious,NA,17
1986,anti-tank and anti-infrastructure,AMX-13/SS-11,113
1986,anti-tank and anti-infrastructure,APILAS,0
1986,anti-tank and anti-infrastructure,NA,12000
1986,armoured fighting vehicles,AML-60/-90,650
1986,armoured fighting vehicles,AMX-10P/PC/Milan,780
1986,armoured fighting vehicles,AMX-10RC,225
1986,armoured fighting vehicles,AMX-13,327
1986,armoured fighting vehicles,AMX-13 VTT,1100
1986,armoured fighting vehicles,AMX-30,1300
1986,armoured fighting vehicles,AMX-30B2,0
1986,armoured fighting vehicles,ERC-90F4 Sagaie,60
1986,armoured fighting vehicles,VAB,2120
1986,artillery,53T2,475
1986,artillery,76T1,90
1986,artillery,AMX-30 DCA twin,57
1986,artillery,AU-50,30
1986,artillery,AU-F-1,110
1986,artillery,BF-50,208
1986,artillery,F-3,214
1986,artillery,HM-2,165
1986,artillery,TR-F-1,36
1986,artillery,NA,942
1986,ballistic missiles,S-3D/TN-61,18
1986,helicopters,Alouette,38
1986,helicopters,Alouette II,180
1986,helicopters,Alouette III,65
1986,helicopters,Lynx,2
1986,helicopters,SA-330,130
1986,helicopters,SA-330 Puma,0
1986,helicopters,SA-341F,0
1986,helicopters,SA-341F/M,162
1986,helicopters,SA-342M,128
1986,helicopters,Super Frelon,3
1986,logistics and support,NA,12
1986,mine warfare,Cantho,5
1986,mine warfare,Circe,5
1986,mine warfare,Eridan,5
1986,mine warfare,Sirius,0
1986,mine warfare,Type D,5
1986,mine warfare,NA,0
1986,patrol and coastal combatants,Berlaimont,5
1986,patrol and coastal combatants,La Combattante,0
1986,patrol and coastal combatants,P-400,7
1986,patrol and coastal combatants,Patra,0
1986,patrol and coastal combatants,NA,0
1986,principal surface combatants,1.0,1
1986,principal surface combatants,C-65,1
1986,principal surface combatants,Clemenceau,2
1986,principal surface combatants,Colbert,0
1986,principal surface combatants,Georges Leygues,5
1986,principal surface combatants,Jeanne d'Arc,1
1986,principal surface combatants,Riviere,8
1986,principal surface combatants,Suffren,2
1986,principal surface combatants,T-47,3
1986,principal surface combatants,T-53,1
1986,principal surface combatants,T-56,1
1986,principal surface combatants,Tourville,3
1986,principal surface combatants,Type A-69,17
1986,radars,STRIDA II,0
1986,submarines,Agosta,4
1986,submarines,Daphne,9
1986,submarines,M-20/TN-60,16
1986,submarines,M-4/TN-70,16
1986,submarines,Narval,2
1986,submarines,Rubis,2
1986,submarines,NA,1
1986,surface-to-surface missile launchers,Cotale,0
1986,surface-to-surface missile launchers,Crotale,0
1986,surface-to-surface missile launchers,HAWK,69
1986,surface-to-surface missile launchers,MM-38,0
1986,surface-to-surface missile launchers,MM-40,0
1986,surface-to-surface missile launchers,Masurca,0
1986,surface-to-surface missile launchers,Mistral,1400
1986,surface-to-surface missile launchers,Pluton,0
1986,surface-to-surface missile launchers,Pluton Launcher,44
1986,surface-to-surface missile launchers,Roland I/II,151
1986,surface-to-surface missile launchers,SM-39,0
1986,surface-to-surface missile launchers,Tartar,0
1986,unmanned aerial vehicles,CL-89,18
1987,air-launched missiles,AIM-9 Sidewinder,0
1987,air-launched missiles,AM-39 Exocet,0
1987,air-launched missiles,AS-12/-30,0
1987,air-launched missiles,AS-30/-30L,0
1987,air-launched missiles,Martel AS-37,0
1987,air-launched missiles,R-530,0
1987,air-launched missiles,R-550 Magic,0
1987,air-launched missiles,Super 530F,0
1987,air-launched missiles,Super Etendard,38
1987,aircraft,-2000.0,38
1987,aircraft,Alize,5
1987,aircraft,AlphaJet,165
1987,aircraft,Atlantic,27
1987,aircraft,Broussard,38
1987,aircraft,C-160,43
1987,aircraft,C-160 Astarte,4
1987,aircraft,C-160 Transall,0
1987,aircraft,C-160NG,19
1987,aircraft,CAP-10,5
1987,aircraft,CAP-20B/20,56
1987,aircraft,Caravelle,4
1987,aircraft,Crusader,12
1987,aircraft,DC-8,5
1987,aircraft,DC-8 (EE-51),1
1987,aircraft,DC-8F,0
1987,aircraft,DHC-6,10
1987,aircraft,Entendard IVP,8
1987,aircraft,Epsilon,76
1987,aircraft,Etendard IVM,12
1987,aircraft,F-1B,14
1987,aircraft,F-1C,120
1987,aircraft,F-1CR,45
1987,aircraft,Falcon 10MER,6
1987,aircraft,Falcon-20,12
1987,aircraft,Falcon-50,1
1987,aircraft,Fregate,22
1987,aircraft,Gardian,5
1987,aircraft,IIIB/BE,21
1987,aircraft,IIIC,10
1987,aircraft,IIIE,45
1987,aircraft,IVA,22
1987,aircraft,IVP,15
1987,aircraft,Jaguar E,0
1987,aircraft,Jaguar-A,45
1987,aircraft,Jaguar-E,22
1987,aircraft,KC-135FR,11
1987,aircraft,L-19,30
1987,aircraft,MH-1521,17
1987,aircraft,MS-760,23
1987,aircraft,Magister,174
1987,aircraft,Mirage F-1B,0
1987,aircraft,Mirage IIIB,12
1987,aircraft,Mirage IV A,28
1987,aircraft,Mirage IVA,0
1987,aircraft,Mirage IVP,15
1987,aircraft,Mystere-Falcon 20P,1
1987,aircraft,N-262,0
1987,aircraft,Navajo,11
1987,aircraft,Nord 2504,1
1987,aircraft,Nord 262,23
1987,aircraft,Rallye 880,16
1987,aircraft,Super Etendard,38
1987,aircraft,Xingu,34
1987,aircraft,Zephyr,12
1987,amphibious,Batral,5
1987,amphibious,Ouragan,2
1987,amphibious,NA,97
1987,anti-tank and anti-infrastructure,AMX-13/SS-11,113
1987,anti-tank and anti-infrastructure,APILAS,0
1987,anti-tank and anti-infrastructure,NA,12000
1987,armoured fighting vehicles,AML-60/-90,650
1987,armoured fighting vehicles,AMX-10P/PC/Milan,865
1987,armoured fighting vehicles,AMX-10RC,250
1987,armoured fighting vehicles,AMX-13,200
1987,armoured fighting vehicles,AMX-13 VTT,550
1987,armoured fighting vehicles,AMX-30,1340
1987,armoured fighting vehicles,AMX-30B2,0
1987,armoured fighting vehicles,ERC-90F4 Sagaie,90
1987,armoured fighting vehicles,VAB,2600
1987,artillery,53T2,475
1987,artillery,76T1,90
1987,artillery,AMX-13 DCA twin,57
1987,artillery,AU-50,30
1987,artillery,AU-F-1,120
1987,artillery,BF-50,208
1987,artillery,F-3,214
1987,artillery,HM-2,165
1987,artillery,SA-341F/M,70
1987,artillery,TR-F-1,42
1987,artillery,NA,942
1987,helicopters,Alouette,38
1987,helicopters,Alouette II,80
1987,helicopters,Alouette III,51
1987,helicopters,Lynx,2
1987,helicopters,SA-330,132
1987,helicopters,SA-330 Puma,0
1987,helicopters,SA-341F,0
1987,helicopters,SA-341F/M,133
1987,helicopters,SA-342M,86
1987,helicopters,Super Frelon,3
1987,logistics and support,replenishment,4
1987,logistics and support,NA,59
1987,mine warfare,Cantho,5
1987,mine warfare,Circe,5
1987,mine warfare,Eridan,5
1987,mine warfare,Sirius,0
1987,mine warfare,NA,30
1987,patrol and coastal combatants,Berlaimont,5
1987,patrol and coastal combatants,La Combattante,0
1987,patrol and coastal combatants,P-400,10
1987,patrol and coastal combatants,Patra,0
1987,patrol and coastal combatants,NA,0
1987,principal surface combatants,C-65,3
1987,principal surface combatants,Clemenceau,2
1987,principal surface combatants,Colbert,0
1987,principal surface combatants,Georges Leygues,5
1987,principal surface combatants,Jeanne d'Arc,1
1987,principal surface combatants,Riviere,8
1987,principal surface combatants,Suffren,2
1987,principal surface combatants,T-47,1
1987,principal surface combatants,T-53,1
1987,principal surface combatants,T-56,1
1987,principal surface combatants,Tourville,3
1987,principal surface combatants,Type A-69,17
1987,radars,STRIDA II,0
1987,submarines,Agosta,4
1987,submarines,Daphne,9
1987,submarines,M-20/TN-60,16
1987,submarines,M-4/TN-70,16
1987,submarines,Narval,1
1987,submarines,Rubis,3
1987,surface-to-surface missile launchers,Cotale,0
1987,surface-to-surface missile launchers,Crotale,0
1987,surface-to-surface missile launchers,HAWK,69
1987,surface-to-surface missile launchers,MM-38,0
1987,surface-to-surface missile launchers,MM-40,0
1987,surface-to-surface missile launchers,Masurca,0
1987,surface-to-surface missile launchers,Mistral,0
1987,surface-to-surface missile launchers,Pluton,0
1987,surface-to-surface missile launchers,Pluton Launcher,62
1987,surface-to-surface missile launchers,Roland I/II,160
1987,surface-to-surface missile launchers,SM-39,0
1987,surface-to-surface missile launchers,Tartar,0
1987,unmanned aerial vehicles,CL-89,18
1988,air-launched missiles,AIM-9 Sidewinder,0
1988,air-launched missiles,AM-39 Exocet,0
1988,air-launched missiles,AS-12/-30,0
1988,air-launched missiles,AS-30/-30L,0
1988,air-launched missiles,Martel AS-37,0
1988,air-launched missiles,R-530,0
1988,air-launched missiles,R-550 Magic,0
1988,air-launched missiles,Super 530F,0
1988,air-launched missiles,Super Etendard,38
1988,aircraft,-2000B/C,45
1988,aircraft,Alize,9
1988,aircraft,AlphaJet,106
1988,aircraft,Atlantic,27
1988,aircraft,C-130H,3
1988,aircraft,C-160,45
1988,aircraft,C-160 Astarte,2
1988,aircraft,C-160 Transall,0
1988,aircraft,C-160NG,22
1988,aircraft,CAP-10,10
1988,aircraft,CAP-20B/20,55
1988,aircraft,CM-170,132
1988,aircraft,Crusader,14
1988,aircraft,DC-8,5
1988,aircraft,DC-8 (EE-51),1
1988,aircraft,DC-8F,0
1988,aircraft,DHC-6,0
1988,aircraft,EMB-121,25
1988,aircraft,EMB-121 Xingu,14
1988,aircraft,Entendard IVP,8
1988,aircraft,Etendard IVM,12
1988,aircraft,F-1B,12
1988,aircraft,F-1C,123
1988,aircraft,F-1CR,41
1988,aircraft,Falcon 10MER,8
1988,aircraft,Falcon-20,14
1988,aircraft,Falcon-50,2
1988,aircraft,Gardian,5
1988,aircraft,IIIB/BE,20
1988,aircraft,IIIC,11
1988,aircraft,IIIE,30
1988,aircraft,IIIR/RD,44
1988,aircraft,IVP,18
1988,aircraft,Jaguar E,0
1988,aircraft,Jaguar-A,49
1988,aircraft,Jaguar-E,20
1988,aircraft,KC-135F/FR,11
1988,aircraft,KC-135FR,11
1988,aircraft,L-19,30
1988,aircraft,MH-1521,17
1988,aircraft,MS-760,23
1988,aircraft,Mirage F-1B,0
1988,aircraft,Mirage IIIB,7
1988,aircraft,Mirage IV A,6
1988,aircraft,Mirage IVA,0
1988,aircraft,Mirage IVP,18
1988,aircraft,Mystere-Falcon 20P,1
1988,aircraft,N-262,23
1988,aircraft,N-262 Fregate,2
1988,aircraft,Navajo,12
1988,aircraft,Nord 2504,1
1988,aircraft,Nord 262,22
1988,aircraft,Rallye 880,16
1988,aircraft,Super Etendard,40
1988,aircraft,TB-30,98
1988,aircraft,Xingu,9
1988,aircraft,Zephyr,12
1988,amphibious,Batral,0
1988,amphibious,Bougainville,1
1988,amphibious,Champlain,5
1988,amphibious,Ouragan,2
1988,amphibious,NA,39
1988,anti-tank and anti-infrastructure,AMX-13/SS-11,113
1988,anti-tank and anti-infrastructure,APILAS,0
1988,anti-tank and anti-infrastructure,NA,11400
1988,armoured fighting vehicles,AML-60/-90,640
1988,armoured fighting vehicles,AMX-10P/PC/Milan,816
1988,armoured fighting vehicles,AMX-10RC,273
1988,armoured fighting vehicles,AMX-13,230
1988,armoured fighting vehicles,AMX-13 VTT,150
1988,armoured fighting vehicles,AMX-30,1340
1988,armoured fighting vehicles,AMX-30B2,0
1988,armoured fighting vehicles,ERC-90F4 Sagaie,134
1988,armoured fighting vehicles,VAB,2860
1988,armoured fighting vehicles,VBL M-11,12
1988,artillery,53T1,90
1988,artillery,53T2,706
1988,artillery,AMX-13 DCA twin,56
1988,artillery,AU-50,25
1988,artillery,AU-F-1,195
1988,artillery,BF-50,120
1988,artillery,F-3,125
1988,artillery,HM-2,159
1988,artillery,SA-341F/M,67
1988,artillery,TR-F-1,12
1988,artillery,NA,1020
1988,helicopters,Alouette,0
1988,helicopters,Alouette II,52
1988,helicopters,Alouette III,105
1988,helicopters,Dauphin,1
1988,helicopters,Lynx,0
1988,helicopters,SA-321,16
1988,helicopters,SA-330,135
1988,helicopters,SA-330 Puma,0
1988,helicopters,SA-341F,0
1988,helicopters,SA-341F/M,92
1988,helicopters,SA-342M,152
1988,logistics and support,Durance,5
1988,logistics and support,Jules Verne,1
1988,logistics and support,Rhin,5
1988,logistics and support,Thetis mine warfare trials,1
1988,logistics and support,msl trials,2
1988,logistics and support,sonar trials,1
1988,logistics and support,underwater trials,1
1988,logistics and support,NA,20
1988,mine warfare,Cantho,5
1988,mine warfare,Capricrone,2
1988,mine warfare,Circe,5
1988,mine warfare,Eridan,8
1988,mine warfare,Ouistreham,5
1988,mine warfare,Sirius,0
1988,mine warfare,Vulcain,4
1988,mine warfare,NA,0
1988,patrol and coastal combatants,Albatros,2
1988,patrol and coastal combatants,L'Audacieuse,10
1988,patrol and coastal combatants,La Combattante,0
1988,patrol and coastal combatants,Leopard (Instruction),8
1988,patrol and coastal combatants,Mercure,1
1988,patrol and coastal combatants,Patra,0
1988,patrol and coastal combatants,Sterne,2
1988,patrol and coastal combatants,NA,0
1988,principal surface combatants,Aconit,1
1988,principal surface combatants,Cassard,1
1988,principal surface combatants,Clemenceau,2
1988,principal surface combatants,Colbert,1
1988,principal surface combatants,Commandant Riviere,7
1988,principal surface combatants,D'Estienne d'Orves,17
1988,principal surface combatants,Du Chayla,1
1988,principal surface combatants,Georges Leygues,5
1988,principal surface combatants,Jeanne d'Arc,1
1988,principal surface combatants,Suffren,2
1988,principal surface combatants,T-53/-56,2
1988,principal surface combatants,Tourville,3
1988,radars,STRIDA II,0
1988,submarines,Agosta,4
1988,submarines,Daphne,9
1988,submarines,L'Inflexible,2
1988,submarines,Le Foudroyant,4
1988,submarines,Rubis,4
1988,surface-to-surface missile launchers,Crotale,0
1988,surface-to-surface missile launchers,HAWK,69
1988,surface-to-surface missile launchers,Mistral,0
1988,surface-to-surface missile launchers,Pluton,0
1988,surface-to-surface missile launchers,Pluton Launcher,64
1988,surface-to-surface missile launchers,Roland I/II,183
1988,unmanned aerial vehicles,CL-89,18
1989,air-launched missiles,AIM-9 Sidewinder,0
1989,air-launched missiles,AM-39 Exocet,0
1989,air-launched missiles,AS-12/-20/-30,0
1989,air-launched missiles,AS-30/-30L,0
1989,air-launched missiles,Martel AS-37,0
1989,air-launched missiles,R-530,0
1989,air-launched missiles,R-550 Magic,0
1989,air-launched missiles,R-550 Magic 1/II,0
1989,air-launched missiles,Super 530F,0
1989,aircraft,Alize,8
1989,aircraft,Alpha Jet,106
1989,aircraft,Atlantic,28
1989,aircraft,C-130H,3
1989,aircraft,C-130H-30,5
1989,aircraft,C-135FR,11
1989,aircraft,C-160,43
1989,aircraft,C-160 Astarte,4
1989,aircraft,C-160 Gabriel,4
1989,aircraft,C-160 Transall,0
1989,aircraft,C-160NG,22
1989,aircraft,C-212,5
1989,aircraft,CAP 10,10
1989,aircraft,CAP 10B/230,55
1989,aircraft,CAP-10B/20,55
1989,aircraft,CM-170,188
1989,aircraft,Crusader,8
1989,aircraft,DC-8,6
1989,aircraft,DC-8F,0
1989,aircraft,DHC-6,10
1989,aircraft,EMB-121,0
1989,aircraft,EMB-121 Xingu,26
1989,aircraft,EMB-312,25
1989,aircraft,Entendard IVP,8
1989,aircraft,Etendard IVM,12
1989,aircraft,Falcon 10MER,8
1989,aircraft,Falcon-20,15
1989,aircraft,Falcon-50,2
1989,aircraft,Gardian,0
1989,aircraft,IIIB/BE,0
1989,aircraft,Jaguar A,45
1989,aircraft,Jaguar E,20
1989,aircraft,Jaguar-A,0
1989,aircraft,Jaguar-E,0
1989,aircraft,KC-135FR,11
1989,aircraft,L-19,2
1989,aircraft,MH-1521,10
1989,aircraft,MS-760,25
1989,aircraft,MS-760 Paris,8
1989,aircraft,Mirage 2000B,15
1989,aircraft,Mirage 2000C,60
1989,aircraft,Mirage 2000N,30
1989,aircraft,Mirage F-1B,0
1989,aircraft,Mirage F1-B,14
1989,aircraft,Mirage F1-C,121
1989,aircraft,Mirage F1-CR,45
1989,aircraft,Mirage F1-IIIB/BE,15
1989,aircraft,Mirage IIIB,7
1989,aircraft,Mirage IV A,6
1989,aircraft,Mirage IVA,5
1989,aircraft,Mirage IVP,36
1989,aircraft,Mystere-Falcon 20P,1
1989,aircraft,N-262,23
1989,aircraft,N-262 Fregate,3
1989,aircraft,Navajo,12
1989,aircraft,Nord 262,22
1989,aircraft,Rallye 880,16
1989,aircraft,Reims-Cessna 406,2
1989,aircraft,Super Etendard,40
1989,aircraft,TB-30 Epsilon,98
1989,aircraft,Xingu,0
1989,aircraft,Zephyr,12
1989,amphibious,Batral,0
1989,amphibious,Bougainville,1
1989,amphibious,Champlain,5
1989,amphibious,Ouragan,2
1989,amphibious,NA,28
1989,anti-tank and anti-infrastructure,APILAS,0
1989,anti-tank and anti-infrastructure,NA,11575
1989,armoured fighting vehicles,AML-60/-90,640
1989,armoured fighting vehicles,AMX-10P/PC,960
1989,armoured fighting vehicles,AMX-10RC,284
1989,armoured fighting vehicles,AMX-13,230
1989,armoured fighting vehicles,AMX-13 VTT,150
1989,armoured fighting vehicles,AMX-30,1340
1989,armoured fighting vehicles,AMX-30B2,475
1989,armoured fighting vehicles,ERC-90F4 Sagaie,147
1989,armoured fighting vehicles,VAB,3125
1989,armoured fighting vehicles,VBL M-11,36
1989,artillery,53T1,140
1989,artillery,53T2,706
1989,artillery,AMX-13 DCA twin,69
1989,artillery,AMX-13/SS-11,113
1989,artillery,AU-50,50
1989,artillery,AU-F-1,208
1989,artillery,BF-50,130
1989,artillery,F-3,205
1989,artillery,HM-2,159
1989,artillery,RT-F1,370
1989,artillery,TR-F-1,12
1989,artillery,NA,390
1989,helicopters,AS-332,5
1989,helicopters,AS-350,19
1989,helicopters,Alouette,0
1989,helicopters,Lynx,14
1989,helicopters,SA-313,39
1989,helicopters,SA-313/-318,135
1989,helicopters,SA-316,33
1989,helicopters,SA-316/-319,97
1989,helicopters,SA-321,16
1989,helicopters,SA-330,113
1989,helicopters,SA-330 Puma,23
1989,helicopters,SA-341F,0
1989,helicopters,SA-341F/M,143
1989,helicopters,SA-342F/M,144
1989,helicopters,SA-342M,0
1989,helicopters,SA-360,1
1989,helicopters,SA-365,3
1989,logistics and support,Durance,5
1989,logistics and support,Jules Verne,1
1989,logistics and support,Rhin,5
1989,logistics and support,Thetis mine warfare trials,1
1989,logistics and support,msl trials,2
1989,logistics and support,sonar trials,1
1989,logistics and support,underwater trials,1
1989,logistics and support,NA,22
1989,mine warfare,Cantho,1
1989,mine warfare,Circe,5
1989,mine warfare,Eridan,10
1989,mine warfare,Ouistreham,4
1989,mine warfare,Sirius,0
1989,mine warfare,Vulcain,4
1989,mine warfare,NA,0
1989,patrol and coastal combatants,Albatros,2
1989,patrol and coastal combatants,Athos,2
1989,patrol and coastal combatants,L'Audacieuse,10
1989,patrol and coastal combatants,La Combattante,0
1989,patrol and coastal combatants,Leopard (Instruction),8
1989,patrol and coastal combatants,Mercure,2
1989,patrol and coastal combatants,Patra,0
1989,patrol and coastal combatants,Sterne,4
1989,patrol and coastal combatants,NA,0
1989,principal surface combatants,Aconit,1
1989,principal surface combatants,Cassard,1
1989,principal surface combatants,Clemenceau,2
1989,principal surface combatants,Colbert,1
1989,principal surface combatants,Commandant Riviere,7
1989,principal surface combatants,D'Estienne d'Orves,17
1989,principal surface combatants,Du Chayla,1
1989,principal surface combatants,Duperre,1
1989,principal surface combatants,Georges Leygues,6
1989,principal surface combatants,Jeanne d'Arc,1
1989,principal surface combatants,Suffren,2
1989,principal surface combatants,T-53/-56,2
1989,principal surface combatants,Tourville,3
1989,radars,STRIDA II,0
1989,submarines,Agosta,4
1989,submarines,Daphne,6
1989,submarines,L'Inflexible,1
1989,submarines,Le Redoutable,3
1989,submarines,Le Redoutable modernized,2
1989,submarines,Rubis,4
1989,surface-to-surface missile launchers,Crotale,0
1989,surface-to-surface missile launchers,HAWK,69
1989,surface-to-surface missile launchers,Mistral,20
1989,surface-to-surface missile launchers,Pluton,0
1989,surface-to-surface missile launchers,Pluton Launcher,32
1989,surface-to-surface missile launchers,Roland I/II,183
1990,air-launched missiles,AIM-9 Sidewinder,0
1990,air-launched missiles,AM-39 Exocet,0
1990,air-launched missiles,AS-12/-20/-30,0
1990,air-launched missiles,AS-30/-30L,0
1990,air-launched missiles,Martel AS-37,0
1990,air-launched missiles,R-530,0
1990,air-launched missiles,R-550 Magic,0
1990,air-launched missiles,R-550 Magic 1/II,0
1990,air-launched missiles,R-550 Magic 2,0
1990,air-launched missiles,Super 530F/D,0
1990,aircraft,Alize,8
1990,aircraft,Alpha Jet,107
1990,aircraft,Atlantic,0
1990,aircraft,C-130H,3
1990,aircraft,C-130H-30,7
1990,aircraft,C-135FR,22
1990,aircraft,C-160,48
1990,aircraft,C-160 Astarte,8
1990,aircraft,C-160 Gabriel,2
1990,aircraft,C-160 Transall,0
1990,aircraft,C-160NG,22
1990,aircraft,C-212,5
1990,aircraft,CAP 10,8
1990,aircraft,CAP 10B/230,57
1990,aircraft,CM-170,0
1990,aircraft,Crusader,8
1990,aircraft,DC-8,7
1990,aircraft,DC-8F,0
1990,aircraft,DHC-6,10
1990,aircraft,EMB-121,0
1990,aircraft,EMB-121 Xingu,25
1990,aircraft,Entendard IVP,20
1990,aircraft,Etendard IVM,10
1990,aircraft,Falcon 10MER,6
1990,aircraft,Falcon-20,15
1990,aircraft,Falcon-50,2
1990,aircraft,Falcon-900,1
1990,aircraft,Gardian,5
1990,aircraft,IIIB/BE,0
1990,aircraft,Jaguar A,35
1990,aircraft,Jaguar E,22
1990,aircraft,Jaguar-A,0
1990,aircraft,Jaguar-E,0
1990,aircraft,L-19,2
1990,aircraft,MH-1521,10
1990,aircraft,MS-760,36
1990,aircraft,Mirage 2000B,19
1990,aircraft,Mirage 2000C,61
1990,aircraft,Mirage 2000N,45
1990,aircraft,Mirage F-1B,0
1990,aircraft,Mirage F1-B,15
1990,aircraft,Mirage F1-C,103
1990,aircraft,Mirage F1-CR,48
1990,aircraft,Mirage F1-IIIB/BE,26
1990,aircraft,Mirage IIIB,7
1990,aircraft,Mirage IV A,2
1990,aircraft,Mirage IVA,2
1990,aircraft,Mirage IVP,36
1990,aircraft,Mystere-Falcon 20P,1
1990,aircraft,N-262,24
1990,aircraft,N-262 Fregate,3
1990,aircraft,Navajo,12
1990,aircraft,Nord 262,15
1990,aircraft,Rallye 880,0
1990,aircraft,Reims-Cessna 406,2
1990,aircraft,Super Etendard,38
1990,aircraft,TB-30 Epsilon,140
1990,aircraft,Xingu,0
1990,aircraft,Zephyr,17
1990,amphibious,Batral,0
1990,amphibious,Bougainville,1
1990,amphibious,Champlain,5
1990,amphibious,Foudre,1
1990,amphibious,Ouragan,2
1990,amphibious,NA,0
1990,anti-tank and anti-infrastructure,APILAS,0
1990,anti-tank and anti-infrastructure,NA,11550
1990,armoured fighting vehicles,AML-60/-90,640
1990,armoured fighting vehicles,AMX-10P/PC,817
1990,armoured fighting vehicles,AMX-10RC,238
1990,armoured fighting vehicles,AMX-13,153
1990,armoured fighting vehicles,AMX-13 VTT,291
1990,armoured fighting vehicles,AMX-30,1340
1990,armoured fighting vehicles,AMX-30B2,511
1990,armoured fighting vehicles,ERC-90F4 Sagaie,177
1990,armoured fighting vehicles,VAB,3840
1990,armoured fighting vehicles,VBL M-11,15
1990,artillery,53T1,100
1990,artillery,53T2,700
1990,artillery,AMX-13,69
1990,artillery,AU-50,24
1990,artillery,AU-F-1,213
1990,artillery,BF-50,202
1990,artillery,F-3,140
1990,artillery,HM-2,172
1990,artillery,M-51,256
1990,artillery,MLRS,2
1990,artillery,RT-F1,366
1990,artillery,TR-F-1,20
1990,artillery,towed,390
1990,artillery,NA,0
1990,helicopters,AS-332,6
1990,helicopters,AS-332M,14
1990,helicopters,AS-355,20
1990,helicopters,Alouette,0
1990,helicopters,Lynx,9
1990,helicopters,SA-313,37
1990,helicopters,SA-313/-318,135
1990,helicopters,SA-316,33
1990,helicopters,SA-316/-319,91
1990,helicopters,SA-319 Alouette III,16
1990,helicopters,SA-321,5
1990,helicopters,SA-330 Puma,164
1990,helicopters,SA-341F,0
1990,helicopters,SA-341F/M,158
1990,helicopters,SA-342M,0
1990,helicopters,SA-360,1
1990,helicopters,SA-365,1
1990,logistics and support,Durance,5
1990,logistics and support,Jules Verne,1
1990,logistics and support,Rhin,5
1990,logistics and support,Thetis mine warfare trials,1
1990,logistics and support,msl trials,2
1990,logistics and support,sonar trials,1
1990,logistics and support,underwater trials,1
1990,logistics and support,NA,24
1990,mine warfare,Circe,5
1990,mine warfare,Eridan,10
1990,mine warfare,Ouistreham,3
1990,mine warfare,Sirius,1
1990,mine warfare,Vulcain,4
1990,mine warfare,NA,0
1990,patrol and coastal combatants,Albatros,2
1990,patrol and coastal combatants,Athos,2
1990,patrol and coastal combatants,Grebe,2
1990,patrol and coastal combatants,L'Audacieuse,10
1990,patrol and coastal combatants,La Combattante,0
1990,patrol and coastal combatants,Leopard (Instruction),8
1990,patrol and coastal combatants,Mercure,2
1990,patrol and coastal combatants,Patra,0
1990,patrol and coastal combatants,Sterne,2
1990,patrol and coastal combatants,NA,0
1990,principal surface combatants,Aconit,1
1990,principal surface combatants,Cassard,2
1990,principal surface combatants,Clemenceau,2
1990,principal surface combatants,Colbert,1
1990,principal surface combatants,Commandant Riviere,6
1990,principal surface combatants,D'Estienne d'Orves,17
1990,principal surface combatants,Du Chayla,1
1990,principal surface combatants,Duperre,1
1990,principal surface combatants,Georges Leygues,7
1990,principal surface combatants,Jeanne d'Arc,1
1990,principal surface combatants,Suffren,2
1990,principal surface combatants,Tourville,3
1990,radars,STRIDA II,0
1990,submarines,Agosta,4
1990,submarines,Daphne,10
1990,submarines,L'Inflexible,1
1990,submarines,Le Redoutable,2
1990,submarines,Le Redoutable mod,3
1990,submarines,Rubis,4
1990,surface-to-surface missile launchers,Crotale,0
1990,surface-to-surface missile launchers,HAWK,69
1990,surface-to-surface missile launchers,Mistral,40
1990,surface-to-surface missile launchers,Pluton,0
1990,surface-to-surface missile launchers,Pluton Launcher,40
1990,surface-to-surface missile launchers,Roland II / Roland I,181
1991,air-launched missiles,AIM-9 Sidewinder,0
1991,air-launched missiles,AM-39 Exocet,0
1991,air-launched missiles,AS-12/-20/-30,0
1991,air-launched missiles,AS-30/-30L,0
1991,air-launched missiles,Martel AS-37,0
1991,air-launched missiles,R-530,0
1991,air-launched missiles,R-550 Magic,0
1991,air-launched missiles,R-550 Magic 1/II,0
1991,air-launched missiles,R-550 Magic 2,0
1991,air-launched missiles,Super 530F/D,0
1991,aircraft,A310-300,0
1991,aircraft,Alize,8
1991,aircraft,Alpha Jet,161
1991,aircraft,Atlantic,24
1991,aircraft,Atlantique NG,3
1991,aircraft,C-130-H,3
1991,aircraft,C-130-H-30,9
1991,aircraft,C-130H,0
1991,aircraft,C-135FR,22
1991,aircraft,C-160,48
1991,aircraft,C-160 Astarte,8
1991,aircraft,C-160 ELINT/ESM,0
1991,aircraft,C-160 Gabriel,2
1991,aircraft,C-160 Transall,0
1991,aircraft,C-160NG,22
1991,aircraft,C-212,5
1991,aircraft,CAP 10,8
1991,aircraft,CAP 10B/230,55
1991,aircraft,CM-170,0
1991,aircraft,CN-235,0
1991,aircraft,Crusader,8
1991,aircraft,DC-8,4
1991,aircraft,DC-8F,0
1991,aircraft,DH-6,0
1991,aircraft,DHC-6,10
1991,aircraft,EMB-121,21
1991,aircraft,EMB-121 Xingu,4
1991,aircraft,Entendard IV P,8
1991,aircraft,Etendard IVM,10
1991,aircraft,F1-B Mirage,0
1991,aircraft,F1-C Mirage,0
1991,aircraft,Falcon 10MER,6
1991,aircraft,Falcon 20,7
1991,aircraft,Falcon 50,0
1991,aircraft,Falcon 900,0
1991,aircraft,Falcon-20,8
1991,aircraft,Falcon-50,4
1991,aircraft,Falcon-900,2
1991,aircraft,Gardian,5
1991,aircraft,IIIB/BE,30
1991,aircraft,Jaguar A,0
1991,aircraft,Jaguar E,35
1991,aircraft,Jaguar-A,0
1991,aircraft,Jaguar-E,121
1991,aircraft,L-19,3
1991,aircraft,M-2000B Mirage,0
1991,aircraft,MH-1521,5
1991,aircraft,MS-760,49
1991,aircraft,MS-880 Rallye,4
1991,aircraft,Mirage 2000B,0
1991,aircraft,Mirage 2000C,0
1991,aircraft,Mirage 2000N,0
1991,aircraft,Mirage F-1B,19
1991,aircraft,Mirage F-1C,0
1991,aircraft,Mirage F1-C,135
1991,aircraft,Mirage F1-CR,53
1991,aircraft,Mirage IIIB,8
1991,aircraft,Mirage IV,5
1991,aircraft,Mirage IV A,2
1991,aircraft,Mirage IV P,24
1991,aircraft,Mirage IVA,2
1991,aircraft,Mirage IVP,18
1991,aircraft,Mystere-Falcon 20P,1
1991,aircraft,N-262,24
1991,aircraft,N-262 Fregate,3
1991,aircraft,Navajo,12
1991,aircraft,Nord 262,12
1991,aircraft,Nord-262,3
1991,aircraft,Rallye 880,12
1991,aircraft,Reims-Cessna 406,2
1991,aircraft,SA-313/-316,0
1991,aircraft,SA-330,0
1991,aircraft,Super Etendard,0
1991,aircraft,TB-30 Epsilon,148
1991,aircraft,TBM-700,0
1991,aircraft,Xingu,16
1991,aircraft,Zephyr,16
1991,amphibious,Batral,0
1991,amphibious,Bougainville,1
1991,amphibious,Champlain,5
1991,amphibious,Foudre,1
1991,amphibious,Mistral,0
1991,amphibious,Ouragan,2
1991,amphibious,NA,34
1991,anti-tank and anti-infrastructure,APILAS,0
1991,anti-tank and anti-infrastructure,NA,11456
1991,armoured fighting vehicles,AML-60/-90,588
1991,armoured fighting vehicles,AMX-10P/PC,817
1991,armoured fighting vehicles,AMX-10RC,313
1991,armoured fighting vehicles,AMX-13,143
1991,armoured fighting vehicles,AMX-13 VTT,174
1991,armoured fighting vehicles,AMX-30,1349
1991,armoured fighting vehicles,AMX-30B2,549
1991,armoured fighting vehicles,ERC-90F4 Sagaie,192
1991,armoured fighting vehicles,Leclerc,0
1991,armoured fighting vehicles,VAB,3500
1991,armoured fighting vehicles,VBL M-11,55
1991,artillery,53T1,105
1991,artillery,53T2,775
1991,artillery,AMX-13,26
1991,artillery,AU-50,0
1991,artillery,AU-F-1,253
1991,artillery,BF-50,206
1991,artillery,F-3,118
1991,artillery,HM-2,149
1991,artillery,M-51,256
1991,artillery,MLRS,11
1991,artillery,RT-Fl,366
1991,artillery,TR-F-1,44
1991,artillery,towed,362
1991,artillery,NA,300
1991,ballistic missiles,SSBS,18
1991,helicopters,AS-332,0
1991,helicopters,AS-332M,0
1991,helicopters,AS-350 Ecureuil,7
1991,helicopters,AS-355,24
1991,helicopters,AS-532M,22
1991,helicopters,Alouette,0
1991,helicopters,SA-313,43
1991,helicopters,SA-313/-316/-319,0
1991,helicopters,SA-313/-318,141
1991,helicopters,SA-316,0
1991,helicopters,SA-316/-319,96
1991,helicopters,SA-319 Alouette III,38
1991,helicopters,SA-330 Puma,161
1991,helicopters,SA-341F,0
1991,helicopters,SA-341F/M,157
1991,helicopters,SA-342M,187
1991,helicopters,SA-360,3
1991,helicopters,SA-365,1
1991,helicopters,SE-3130,0
1991,logistics and support,Durance,5
1991,logistics and support,Jules Verne,1
1991,logistics and support,Thetis mine warfare trials,1
1991,logistics and support,msl trials,2
1991,logistics and support,sonar trials,1
1991,logistics and support,underwater trials,1
1991,logistics and support,NA,6
1991,mine warfare,Circe,5
1991,mine warfare,Eridan,10
1991,mine warfare,Ouistreham,3
1991,mine warfare,Vulcain,4
1991,mine warfare,NA,0
1991,patrol and coastal combatants,Albatros,2
1991,patrol and coastal combatants,Athos,2
1991,patrol and coastal combatants,Grebe,1
1991,patrol and coastal combatants,Iris,1
1991,patrol and coastal combatants,L'Audacieuse,10
1991,patrol and coastal combatants,La Combattante,0
1991,patrol and coastal combatants,Leopard (Instruction),8
1991,patrol and coastal combatants,Patra,0
1991,patrol and coastal combatants,Sterne,1
1991,patrol and coastal combatants,NA,0
1991,principal surface combatants,Aconit,1
1991,principal surface combatants,Cassard,2
1991,principal surface combatants,Clemenceau,2
1991,principal surface combatants,Commandant Riviere,5
1991,principal surface combatants,D'Estienne d'Orves,17
1991,principal surface combatants,Duperre,1
1991,principal surface combatants,Georges Leygues,7
1991,principal surface combatants,Jeanne d'Arc,1
1991,principal surface combatants,Suffren,2
1991,principal surface combatants,Tourville,3
1991,radars,STRIDA II,0
1991,submarines,Agosta,4
1991,submarines,Daphne,5
1991,submarines,L'Inflexible,1
1991,submarines,Le Redoutable,3
1991,submarines,Rubis,6
1991,surface-to-surface missile launchers,Crotale,24
1991,surface-to-surface missile launchers,HAWK,69
1991,surface-to-surface missile launchers,Mistral,95
1991,surface-to-surface missile launchers,Pluton,40
1991,surface-to-surface missile launchers,Pluton Launcher,40
1991,surface-to-surface missile launchers,Roland II / Roland I,181
1992,air-launched missiles,AIM-9 Sidewinder,0
1992,air-launched missiles,AM-39 Exocet,0
1992,air-launched missiles,AS-12/-20/-30,0
1992,air-launched missiles,AS-30/-30L,0
1992,air-launched missiles,Martel AS-37,0
1992,air-launched missiles,R-530,0
1992,air-launched missiles,R-550 Magic,0
1992,air-launched missiles,R-550 Magic 1/II,0
1992,air-launched missiles,R-550 Magic 2,0
1992,air-launched missiles,Super 530F/D,0
1992,aircraft,A310-300,0
1992,aircraft,Alize,8
1992,aircraft,Alpha Jet,163
1992,aircraft,Atlantic,24
1992,aircraft,Atlantique,6
1992,aircraft,C-130-H,3
1992,aircraft,C-130-H-30,9
1992,aircraft,C-130H,0
1992,aircraft,C-135FR,22
1992,aircraft,C-160,49
1992,aircraft,C-160 Astarte,8
1992,aircraft,C-160 ELINT/ESM,0
1992,aircraft,C-160 Gabriel,2
1992,aircraft,C-160 Transall,0
1992,aircraft,C-160NG,22
1992,aircraft,C-212,5
1992,aircraft,CAP 10,8
1992,aircraft,CAP 10B/230,53
1992,aircraft,CM-170,0
1992,aircraft,CN-235,0
1992,aircraft,CN-235M,2
1992,aircraft,Crusader,12
1992,aircraft,DC-8,4
1992,aircraft,DC-8F,0
1992,aircraft,DH-6,0
1992,aircraft,DHC-6,10
1992,aircraft,EMB-121,21
1992,aircraft,EMB-121 Xingu,4
1992,aircraft,Entendard IV P,8
1992,aircraft,Etendard IVM,10
1992,aircraft,F1-B Mirage,0
1992,aircraft,F1-C Mirage,0
1992,aircraft,Falcon 10MER,5
1992,aircraft,Falcon 20,7
1992,aircraft,Falcon 50,0
1992,aircraft,Falcon 900,0
1992,aircraft,Falcon-20,7
1992,aircraft,Falcon-50,4
1992,aircraft,Falcon-900,2
1992,aircraft,Gardian,5
1992,aircraft,IIIB/BE,17
1992,aircraft,Jaguar A,0
1992,aircraft,Jaguar E,34
1992,aircraft,Jaguar-A,0
1992,aircraft,Jaguar-E,0
1992,aircraft,M-2000B Mirage,0
1992,aircraft,MH-1521,5
1992,aircraft,MS-760,48
1992,aircraft,MS-880 Rallye,4
1992,aircraft,Mirage 2000B,0
1992,aircraft,Mirage 2000C,0
1992,aircraft,Mirage 2000N,45
1992,aircraft,Mirage F-1B,19
1992,aircraft,Mirage F-1C,0
1992,aircraft,Mirage F1-C,120
1992,aircraft,Mirage F1-CR,53
1992,aircraft,Mirage IIIB,5
1992,aircraft,Mirage IV P,18
1992,aircraft,Mirage IVP,19
1992,aircraft,Mystere-Falcon 20P,1
1992,aircraft,N-262,24
1992,aircraft,N-262 Fregate,3
1992,aircraft,Navajo,11
1992,aircraft,Nord-262,25
1992,aircraft,Rallye 880,12
1992,aircraft,Reims-Cessna 406,3
1992,aircraft,SA-313/-316,0
1992,aircraft,SA-330,0
1992,aircraft,Super Etendard,0
1992,aircraft,TB-30 Epsilon,148
1992,aircraft,TBM-700,0
1992,aircraft,Xingu,18
1992,aircraft,Zephyr,14
1992,amphibious,Batral,0
1992,amphibious,Bougainville,1
1992,amphibious,Champlain,5
1992,amphibious,Foudre,1
1992,amphibious,Mistral,0
1992,amphibious,Ouragan,2
1992,amphibious,NA,33
1992,anti-tank and anti-infrastructure,APILAS,0
1992,anti-tank and anti-infrastructure,NA,11200
1992,armoured fighting vehicles,AML-60/-90,588
1992,armoured fighting vehicles,AMX-10P/PC,816
1992,armoured fighting vehicles,AMX-10RC,325
1992,armoured fighting vehicles,AMX-13,143
1992,armoured fighting vehicles,AMX-13 VTT,124
1992,armoured fighting vehicles,AMX-30,1343
1992,armoured fighting vehicles,AMX-30B2,658
1992,armoured fighting vehicles,ERC-90F4 Sagaie,192
1992,armoured fighting vehicles,Leclerc,0
1992,armoured fighting vehicles,VAB,3840
1992,armoured fighting vehicles,VBL M-11,240
1992,artillery,53T1,105
1992,artillery,53T2,775
1992,artillery,AU-50,0
1992,artillery,AU-F-1,253
1992,artillery,BF-50,206
1992,artillery,F-3,118
1992,artillery,HM-2,149
1992,artillery,M-51,256
1992,artillery,MLRS,30
1992,artillery,RT-Fl,364
1992,artillery,TR-F-1,60
1992,artillery,towed,362
1992,artillery,NA,300
1992,ballistic missiles,SSBS,18
1992,helicopters,AS-332,0
1992,helicopters,AS-332 Super Puma,6
1992,helicopters,AS-332M,22
1992,helicopters,AS-350 Ecureuil,6
1992,helicopters,AS-355,34
1992,helicopters,AS-365,6
1992,helicopters,AS-555,4
1992,helicopters,Alouette,0
1992,helicopters,SA-313,36
1992,helicopters,SA-313/-316/-319,0
1992,helicopters,SA-313/-318,123
1992,helicopters,SA-316,0
1992,helicopters,SA-316/-319,95
1992,helicopters,SA-319,0
1992,helicopters,SA-319 Alouette III,35
1992,helicopters,SA-330 Puma,161
1992,helicopters,SA-341F,0
1992,helicopters,SA-341F/M,153
1992,helicopters,SA-342M,184
1992,helicopters,SA-360,3
1992,helicopters,SA-365,3
1992,helicopters,SE-3130,0
1992,logistics and support,Durance,5
1992,logistics and support,Jules Verne,1
1992,logistics and support,Thetis mine warfare trials,1
1992,logistics and support,msl trials,2
1992,logistics and support,sonar trials,1
1992,logistics and support,underwater trials,1
1992,logistics and support,NA,6
1992,mine warfare,Circe,5
1992,mine warfare,Eridan,9
1992,mine warfare,Ouistreham,3
1992,mine warfare,Vulcain,4
1992,mine warfare,NA,0
1992,patrol and coastal combatants,Albatros,0
1992,patrol and coastal combatants,Athos,2
1992,patrol and coastal combatants,Grebe,2
1992,patrol and coastal combatants,L'Audacieuse,10
1992,patrol and coastal combatants,La Combattante,0
1992,patrol and coastal combatants,Leopard (Instruction),8
1992,patrol and coastal combatants,Patra,0
1992,patrol and coastal combatants,Phenix,2
1992,patrol and coastal combatants,Stene,1
1992,patrol and coastal combatants,Sterne,1
1992,patrol and coastal combatants,NA,0
1992,principal surface combatants,Aconit,1
1992,principal surface combatants,Cassard,2
1992,principal surface combatants,Clemenceau,2
1992,principal surface combatants,Commandant Riviere,4
1992,principal surface combatants,D'Estienne d'Orves,17
1992,principal surface combatants,Floreal,2
1992,principal surface combatants,Georges Leygues,7
1992,principal surface combatants,Jeanne d'Arc,1
1992,principal surface combatants,Suffren,2
1992,principal surface combatants,Tourville,3
1992,radars,STRIDA II,0
1992,submarines,Agosta,4
1992,submarines,Daphne,4
1992,submarines,L'Inflexible,1
1992,submarines,Le Redoutable,3
1992,submarines,Rubis,5
1992,surface-to-surface missile launchers,Crotale,24
1992,surface-to-surface missile launchers,HAWK,69
1992,surface-to-surface missile launchers,Mistral,150
1992,surface-to-surface missile launchers,Pluton,24
1992,surface-to-surface missile launchers,Pluton Launcher,24
1992,surface-to-surface missile launchers,Roland II / Roland I,180
1993,air-launched missiles,AIM-9 Sidewinder,0
1993,air-launched missiles,AM-39 Exocet,0
1993,air-launched missiles,AS-12/-20/-30,0
1993,air-launched missiles,AS-30/-30L,0
1993,air-launched missiles,Martel AS-37,0
1993,air-launched missiles,R-530,0
1993,air-launched missiles,R-550 Magic,0
1993,air-launched missiles,R-550 Magic 1/II,0
1993,air-launched missiles,R-550 Magic 2,0
1993,air-launched missiles,Super 530F/D,0
1993,aircraft,A310-300,0
1993,aircraft,Alize,1
1993,aircraft,Alpha Jet,160
1993,aircraft,Atlantic,16
1993,aircraft,Atlantique,9
1993,aircraft,C-130-H,3
1993,aircraft,C-130-H-30,9
1993,aircraft,C-130H,0
1993,aircraft,C-135FR,22
1993,aircraft,C-160,49
1993,aircraft,C-160 Astarte,8
1993,aircraft,C-160 ELINT/ESM,0
1993,aircraft,C-160 Gabriel,2
1993,aircraft,C-160 Transall,0
1993,aircraft,C-160NG,22
1993,aircraft,CAP 10,8
1993,aircraft,CAP 10B/230,52
1993,aircraft,CM-170,0
1993,aircraft,CN-235,0
1993,aircraft,CN-235M,6
1993,aircraft,Crusader,12
1993,aircraft,DC-8,4
1993,aircraft,DC-8F,0
1993,aircraft,DH-6,0
1993,aircraft,DHC-6,10
1993,aircraft,E-3F,4
1993,aircraft,EMB-121,21
1993,aircraft,EMB-121 Xingu,4
1993,aircraft,Entendard IV P-PM,8
1993,aircraft,F1-B Mirage,0
1993,aircraft,F1-C Mirage,0
1993,aircraft,F1CR Mirage,0
1993,aircraft,Falcon 10MER,5
1993,aircraft,Falcon 20,7
1993,aircraft,Falcon 50,0
1993,aircraft,Falcon 900,0
1993,aircraft,Falcon-20,7
1993,aircraft,Falcon-50,4
1993,aircraft,Falcon-900,2
1993,aircraft,Gardian,5
1993,aircraft,IIIB/BE,9
1993,aircraft,Jaguar A,0
1993,aircraft,Jaguar E,34
1993,aircraft,Jaguar-A,117
1993,aircraft,Jaguar-E,0
1993,aircraft,KC-135,5
1993,aircraft,M-2000B Mirage,0
1993,aircraft,MH-1521,5
1993,aircraft,MS-760,47
1993,aircraft,MS-880 Rallye,4
1993,aircraft,Mirage 2000B,0
1993,aircraft,Mirage 2000C,0
1993,aircraft,Mirage 2000N,45
1993,aircraft,Mirage F-1B,18
1993,aircraft,Mirage F-1C,0
1993,aircraft,Mirage F1-C,98
1993,aircraft,Mirage F1-CR,51
1993,aircraft,Mirage IIIB,5
1993,aircraft,Mirage IV P,18
1993,aircraft,Mirage MIVP,19
1993,aircraft,Mystere-Falcon 20P,1
1993,aircraft,N-262,24
1993,aircraft,N-262 Fregate,4
1993,aircraft,Navajo,6
1993,aircraft,Nord-262,23
1993,aircraft,PC-6,6
1993,aircraft,Rallye 880,10
1993,aircraft,Reims-Cessna 406,3
1993,aircraft,SA-313/-316,0
1993,aircraft,SA-330,0
1993,aircraft,Super Etendard,0
1993,aircraft,TB-30 Epsilon,148
1993,aircraft,TBM-700,0
1993,aircraft,TMB-700,6
1993,aircraft,Xingu,17
1993,aircraft,Zephyr,12
1993,amphibious,Batral,0
1993,amphibious,Bougainville,1
1993,amphibious,Champlain,5
1993,amphibious,Foudre,1
1993,amphibious,Mistral,0
1993,amphibious,Ouragan,2
1993,amphibious,NA,30
1993,anti-tank and anti-infrastructure,APILAS,0
1993,anti-tank and anti-infrastructure,NA,11200
1993,armoured fighting vehicles,AML-60/-90,588
1993,armoured fighting vehicles,AMX-10P/PC,816
1993,armoured fighting vehicles,AMX-10RC,325
1993,armoured fighting vehicles,AMX-13 VTT,124
1993,armoured fighting vehicles,AMX-30,1000
1993,armoured fighting vehicles,AMX-30B2,658
1993,armoured fighting vehicles,ERC-90F4 Sagaie,192
1993,armoured fighting vehicles,Leclerc,13
1993,armoured fighting vehicles,VAB,3975
1993,armoured fighting vehicles,VBL M-11,584
1993,artillery,53T1,105
1993,artillery,53T2,755
1993,artillery,AU-50,0
1993,artillery,AU-F-1,253
1993,artillery,BF-50,180
1993,artillery,F-3,98
1993,artillery,HM-2,116
1993,artillery,M-51,256
1993,artillery,MLRS,57
1993,artillery,RT-Fl,370
1993,artillery,TR-F-1,105
1993,artillery,towed,362
1993,artillery,NA,300
1993,ballistic missiles,SSBS,18
1993,helicopters,AS-332,0
1993,helicopters,AS-332 Super Puma,6
1993,helicopters,AS-332M,22
1993,helicopters,AS-350 Ecureuil,6
1993,helicopters,AS-355,34
1993,helicopters,AS-365,6
1993,helicopters,AS-555,5
1993,helicopters,Alouette,0
1993,helicopters,SA-313,27
1993,helicopters,SA-313/-316/-319,0
1993,helicopters,SA-313/-318,123
1993,helicopters,SA-316,0
1993,helicopters,SA-316/-319,92
1993,helicopters,SA-319,0
1993,helicopters,SA-319 Alouette III,35
1993,helicopters,SA-330 Puma,161
1993,helicopters,SA-341F,0
1993,helicopters,SA-341F/M,153
1993,helicopters,SA-342M,184
1993,helicopters,SA-365,6
1993,helicopters,SE-3130,0
1993,logistics and support,Durance,5
1993,logistics and support,Jules Verne,1
1993,logistics and support,Thetis mine warfare trials,1
1993,logistics and support,div trials,1
1993,logistics and support,electronic trials,1
1993,logistics and support,msl trials,2
1993,logistics and support,NA,6
1993,mine warfare,Circe,5
1993,mine warfare,Eridan,9
1993,mine warfare,Ouistreham,2
1993,mine warfare,Vulcain,4
1993,mine warfare,NA,0
1993,patrol and coastal combatants,Albatros,0
1993,patrol and coastal combatants,Athos,2
1993,patrol and coastal combatants,Grebe,2
1993,patrol and coastal combatants,L'Audacieuse,10
1993,patrol and coastal combatants,La Combattante,1
1993,patrol and coastal combatants,Leopard (Instruction),8
1993,patrol and coastal combatants,Patra,4
1993,patrol and coastal combatants,Stene,1
1993,patrol and coastal combatants,Sterne,1
1993,patrol and coastal combatants,NA,5
1993,principal surface combatants,Aconit,1
1993,principal surface combatants,Cassard,2
1993,principal surface combatants,Clemenceau,2
1993,principal surface combatants,Commandant Riviere,3
1993,principal surface combatants,D'Estienne d'Orves,17
1993,principal surface combatants,Floreal,4
1993,principal surface combatants,Georges Leygues,7
1993,principal surface combatants,Jeanne d'Arc,1
1993,principal surface combatants,Suffren,2
1993,principal surface combatants,Tourville,3
1993,radars,STRIDA II,0
1993,submarines,Agosta,4
1993,submarines,Daphne,4
1993,submarines,L'Inflexible,1
1993,submarines,Le Redoutable,4
1993,submarines,Rubis,6
1993,surface-to-surface missile launchers,Crotale,24
1993,surface-to-surface missile launchers,HAWK,69
1993,surface-to-surface missile launchers,Hades,15
1993,surface-to-surface missile launchers,Mistral,200
1993,surface-to-surface missile launchers,Roland II / Roland I,180
1994,air-launched missiles,AIM-9 Sidewinder,0
1994,air-launched missiles,AM-39 Exocet,0
1994,air-launched missiles,AS-12/-20/-30,0
1994,air-launched missiles,AS-30/-30L,0
1994,air-launched missiles,Martel AS-37,0
1994,air-launched missiles,R-530,0
1994,air-launched missiles,R-550 Magic,0
1994,air-launched missiles,R-550 Magic 1/II,0
1994,air-launched missiles,R-550 Magic 2,0
1994,air-launched missiles,Super 530F/D,0
1994,aircraft,A 310-300,2
1994,aircraft,A310-300,0
1994,aircraft,Alize,1
1994,aircraft,Alpha Jet,158
1994,aircraft,Atlantic,16
1994,aircraft,Atlantique,9
1994,aircraft,C-130-H,3
1994,aircraft,C-130-H-30,9
1994,aircraft,C-130H,0
1994,aircraft,C-135FR,22
1994,aircraft,C-160,40
1994,aircraft,C-160 Astarte,8
1994,aircraft,C-160 ELINT/ESM,0
1994,aircraft,C-160 Gabriel,2
1994,aircraft,C-160 Transall,0
1994,aircraft,C-160-AG,9
1994,aircraft,C-160NG,21
1994,aircraft,CAP 10,8
1994,aircraft,CAP 10B/230,51
1994,aircraft,CM-170,0
1994,aircraft,CN-235,0
1994,aircraft,CN-235M,8
1994,aircraft,Cessna Caravan II,2
1994,aircraft,Crusader,12
1994,aircraft,DC-8,4
1994,aircraft,DC-8F,0
1994,aircraft,DH-6,0
1994,aircraft,DHC-6,10
1994,aircraft,E-3F,4
1994,aircraft,EMB-121,21
1994,aircraft,EMB-121 Xingu,4
1994,aircraft,EMB-312 Tucano,2
1994,aircraft,Entendard IV P-PM,8
1994,aircraft,F1-B Mirage,0
1994,aircraft,F1-C Mirage,0
1994,aircraft,F1CR Mirage,0
1994,aircraft,Falcon 10MER,5
1994,aircraft,Falcon 20,6
1994,aircraft,Falcon 50,0
1994,aircraft,Falcon 900,0
1994,aircraft,Falcon-20,7
1994,aircraft,Falcon-50,4
1994,aircraft,Falcon-900,2
1994,aircraft,Gardian,5
1994,aircraft,IIIB/BE,7
1994,aircraft,Jaguar A,0
1994,aircraft,Jaguar E,0
1994,aircraft,Jaguar-A,101
1994,aircraft,Jaguar-E,0
1994,aircraft,KC-135,0
1994,aircraft,M-2000B Mirage,0
1994,aircraft,MS-760,44
1994,aircraft,MS-880 Rallye,4
1994,aircraft,Mirage 2000B,0
1994,aircraft,Mirage 2000C,0
1994,aircraft,Mirage 2000N,45
1994,aircraft,Mirage F-1B,18
1994,aircraft,Mirage F-1C,0
1994,aircraft,Mirage F1-C,70
1994,aircraft,Mirage F1-CR,51
1994,aircraft,Mirage IIIB,5
1994,aircraft,Mirage IV P,18
1994,aircraft,Mirage MIVP,18
1994,aircraft,Mystere-Falcon 20P,1
1994,aircraft,N-262,24
1994,aircraft,N-262 Fregate,4
1994,aircraft,Navajo,6
1994,aircraft,Nord-262,0
1994,aircraft,PC-6,5
1994,aircraft,Rallye 880,10
1994,aircraft,SA-313/-316,0
1994,aircraft,SA-330,0
1994,aircraft,Super Etendard,0
1994,aircraft,TB-30 Epsilon,148
1994,aircraft,TBM-700,8
1994,aircraft,TMB-700,0
1994,aircraft,Xingu,17
1994,amphibious,Batral,0
1994,amphibious,Bougainville,1
1994,amphibious,Champlain,5
1994,amphibious,Foudre,1
1994,amphibious,Mistral,0
1994,amphibious,Ouragan,2
1994,amphibious,NA,30
1994,anti-tank and anti-infrastructure,APILAS,10800
1994,anti-tank and anti-infrastructure,NA,11200
1994,armoured fighting vehicles,AML-60/-90,570
1994,armoured fighting vehicles,AMX-10P/PC,713
1994,armoured fighting vehicles,AMX-10RC,713
1994,armoured fighting vehicles,AMX-30,998
1994,armoured fighting vehicles,AMX-30B2,658
1994,armoured fighting vehicles,ERC-90F4 Sagaie,192
1994,armoured fighting vehicles,Leclerc,49
1994,armoured fighting vehicles,VAB,3975
1994,armoured fighting vehicles,VBL M-11,694
1994,artillery,53T1,19
1994,artillery,53T2,795
1994,artillery,AU-50,55
1994,artillery,AU-F-1,253
1994,artillery,BF-50,200
1994,artillery,F-3,123
1994,artillery,HM-2,149
1994,artillery,M-51,250
1994,artillery,MLRS,41
1994,artillery,RT-Fl,370
1994,artillery,TR-F-1,105
1994,artillery,towed,362
1994,artillery,NA,0
1994,ballistic missiles,SSBS,18
1994,helicopters,AS-332,0
1994,helicopters,AS-332 Super Puma,7
1994,helicopters,AS-350 Ecureuil,6
1994,helicopters,AS-355,42
1994,helicopters,AS-365,6
1994,helicopters,AS-532,22
1994,helicopters,AS-555,10
1994,helicopters,Alouette,0
1994,helicopters,SA-313,22
1994,helicopters,SA-313/-316/-319,0
1994,helicopters,SA-313/-318,109
1994,helicopters,SA-316,47
1994,helicopters,SA-316/-319,29
1994,helicopters,SA-319,0
1994,helicopters,SA-319 Alouette III,25
1994,helicopters,SA-330 Puma,160
1994,helicopters,SA-341F,0
1994,helicopters,SA-341F/M,157
1994,helicopters,SA-342M,184
1994,helicopters,SA-365,6
1994,helicopters,SE-3130,0
1994,logistics and support,Durance,5
1994,logistics and support,Glycine,2
1994,logistics and support,Jules Verne,1
1994,logistics and support,Thetis mine warfare trials,1
1994,logistics and support,div trials,1
1994,logistics and support,electronic trials,1
1994,logistics and support,msl trials,2
1994,logistics and support,NA,0
1994,mine warfare,Antares,1
1994,mine warfare,Circe,5
1994,mine warfare,Eridan,9
1994,mine warfare,Ouistreham,1
1994,mine warfare,Vulcain,4
1994,mine warfare,NA,0
1994,patrol and coastal combatants,Albatros,1
1994,patrol and coastal combatants,Arago,0
1994,patrol and coastal combatants,Athos,2
1994,patrol and coastal combatants,Flamant,0
1994,patrol and coastal combatants,Grebe,2
1994,patrol and coastal combatants,L'Audacieuse,0
1994,patrol and coastal combatants,La Combattante,1
1994,patrol and coastal combatants,Leopard (Instruction),8
1994,patrol and coastal combatants,Patra,4
1994,patrol and coastal combatants,Stene,1
1994,patrol and coastal combatants,Sterne,1
1994,patrol and coastal combatants,NA,5
1994,principal surface combatants,Aconit,1
1994,principal surface combatants,Cassard,2
1994,principal surface combatants,Clemenceau,2
1994,principal surface combatants,Commandant Riviere,2
1994,principal surface combatants,D'Estienne d'Orves,27
1994,principal surface combatants,Floreal,6
1994,principal surface combatants,Georges Leygues,7
1994,principal surface combatants,Jeanne d'Arc,1
1994,principal surface combatants,Suffren,2
1994,principal surface combatants,Tourville,3
1994,radars,RASIT,0
1994,radars,STENTOR,0
1994,radars,STRIDA II,0
1994,submarines,Agosta,4
1994,submarines,Daphne,3
1994,submarines,L'Inflexible,0
1994,submarines,Le Redoutable,5
1994,submarines,Rubis,6
1994,surface-to-surface missile launchers,Crotale,24
1994,surface-to-surface missile launchers,HAWK,69
1994,surface-to-surface missile launchers,Hades,15
1994,surface-to-surface missile launchers,Mistral,203
1994,surface-to-surface missile launchers,Roland II / Roland I,181
1994,unmanned aerial vehicles,CL 89 (AN/USD501),0
1994,unmanned aerial vehicles,CL289 (AN/USD502),0
1995,air-launched missiles,AIM-9 Sidewinder,0
1995,air-launched missiles,AM-39 Exocet,0
1995,air-launched missiles,AS-30/-30L,0
1995,air-launched missiles,Martel AS-37,0
1995,air-launched missiles,R-550 Magic,0
1995,air-launched missiles,R-550 Magic 1/II,0
1995,air-launched missiles,R-550 Magic 2,0
1995,air-launched missiles,Super 530F/D,0
1995,aircraft,A 310-300,2
1995,aircraft,A310-300,0
1995,aircraft,Alize,18
1995,aircraft,Alpha Jet,158
1995,aircraft,Atlantic,7
1995,aircraft,Atlantique 2,20
1995,aircraft,C-130-H,12
1995,aircraft,C-130-H-30,9
1995,aircraft,C-135FR,22
1995,aircraft,C-160,74
1995,aircraft,C-160 ELINT/ESM,0
1995,aircraft,C-160 Transall,0
1995,aircraft,C-160-AG,0
1995,aircraft,C-160NG,0
1995,aircraft,CAP 10,8
1995,aircraft,CAP 10B/CAP 231/CAP 232,9
1995,aircraft,CM-170,0
1995,aircraft,CN-235,0
1995,aircraft,CN-235M,8
1995,aircraft,Cessna Caravan II,2
1995,aircraft,Crusader,12
1995,aircraft,DC-8 ELINT,0
1995,aircraft,DC-8 Sarigue,4
1995,aircraft,DC-8F,0
1995,aircraft,DH-6,0
1995,aircraft,DHC-6,10
1995,aircraft,E-3F,4
1995,aircraft,EMB-121,25
1995,aircraft,EMB-121 Xingu,0
1995,aircraft,EMB-312 Tucano,16
1995,aircraft,Entendard IV P-PM,0
1995,aircraft,F1-B Mirage,0
1995,aircraft,F1-C Mirage,0
1995,aircraft,F1CR Mirage,0
1995,aircraft,Falcon 10MER,5
1995,aircraft,Falcon 20,6
1995,aircraft,Falcon 50,0
1995,aircraft,Falcon 900,0
1995,aircraft,Falcon-20,7
1995,aircraft,Falcon-50,4
1995,aircraft,Falcon-900,2
1995,aircraft,Gardian,5
1995,aircraft,Jaguar A,0
1995,aircraft,Jaguar E,0
1995,aircraft,Jaguar-A,93
1995,aircraft,Jaguar-E,0
1995,aircraft,KC-135,0
1995,aircraft,M-2000B Mirage,0
1995,aircraft,MS-760,31
1995,aircraft,MS-880 Rallye,4
1995,aircraft,Mirage 2000B,0
1995,aircraft,Mirage 2000C,0
1995,aircraft,Mirage F-1B,17
1995,aircraft,Mirage F-1C,0
1995,aircraft,Mirage F1-C,44
1995,aircraft,Mirage F1-CR,51
1995,aircraft,Mirage IV P,15
1995,aircraft,Mirage M-2000B,26
1995,aircraft,Mirage M-2000C,109
1995,aircraft,Mirage M-2000N,72
1995,aircraft,Mirage MIVP,18
1995,aircraft,Mystere-Falcon 20,3
1995,aircraft,Mystere-Falcon 20P,1
1995,aircraft,N-262,23
1995,aircraft,N-262 Fregate,4
1995,aircraft,Nord-262,24
1995,aircraft,PC-6,5
1995,aircraft,Rallye 880,10
1995,aircraft,SA-313/-319,0
1995,aircraft,SA-330 Puma,0
1995,aircraft,Super Etendard,0
1995,aircraft,TB-30 Epsilon,148
1995,aircraft,TBM-700,12
1995,aircraft,TMB-700,0
1995,aircraft,Xingu,18
1995,amphibious,Batral,0
1995,amphibious,Bougainville,1
1995,amphibious,Champlain,5
1995,amphibious,Foudre,1
1995,amphibious,Mistral,0
1995,amphibious,Ouragan,2
1995,amphibious,NA,30
1995,anti-tank and anti-infrastructure,APILAS,10800
1995,anti-tank and anti-infrastructure,NA,11200
1995,armoured fighting vehicles,AML-60/-90,570
1995,armoured fighting vehicles,AMX-10P/PC,713
1995,armoured fighting vehicles,AMX-10RC,325
1995,armoured fighting vehicles,AMX-30,974
1995,armoured fighting vehicles,AMX-30B2,658
1995,armoured fighting vehicles,ERC-90F4 Sagaie,192
1995,armoured fighting vehicles,Leclerc,42
1995,armoured fighting vehicles,VAB,3975
1995,armoured fighting vehicles,VBL M-11,694
1995,artillery,53T1,9
1995,artillery,53T2,781
1995,artillery,AU-50,37
1995,artillery,AU-F-1,253
1995,artillery,BF-50,144
1995,artillery,F-3,123
1995,artillery,HM-2,146
1995,artillery,M-51,250
1995,artillery,MLRS,55
1995,artillery,RT-Fl,366
1995,artillery,TR-F-1,105
1995,artillery,towed,362
1995,artillery,NA,395
1995,ballistic missiles,SSBS,18
1995,helicopters,AS-332 Super Puma,7
1995,helicopters,AS-350 Ecureuil,6
1995,helicopters,AS-355,39
1995,helicopters,AS-355 Ecureuil,0
1995,helicopters,AS-365,7
1995,helicopters,AS-532,22
1995,helicopters,AS-532 Horizon,2
1995,helicopters,AS-555,12
1995,helicopters,AS-565SA,3
1995,helicopters,Alouette,136
1995,helicopters,SA-313,16
1995,helicopters,SA-313/-319,0
1995,helicopters,SA-316/-319,30
1995,helicopters,SA-319,14
1995,helicopters,SA-319 Alouette III,0
1995,helicopters,SA-330 Puma,171
1995,helicopters,SA-341F,0
1995,helicopters,SA-341F/M,157
1995,helicopters,SA-342M,30
1995,helicopters,SA-342M Gazelle,154
1995,helicopters,SA-350,0
1995,helicopters,SA-365,7
1995,helicopters,SE-3130,0
1995,logistics and support,Durance,5
1995,logistics and support,Glycine,2
1995,logistics and support,Jules Verne,1
1995,logistics and support,NA,11
1995,mine warfare,Antares,3
1995,mine warfare,Circe,5
1995,mine warfare,Eridan,9
1995,mine warfare,Vulcain,4
1995,mine warfare,NA,0
1995,patrol and coastal combatants,Albatros,1
1995,patrol and coastal combatants,Arago,0
1995,patrol and coastal combatants,Athos,2
1995,patrol and coastal combatants,Flamant,2
1995,patrol and coastal combatants,Grebe,1
1995,patrol and coastal combatants,L'Audacieuse,11
1995,patrol and coastal combatants,La Combattante,1
1995,patrol and coastal combatants,Leopard (Instruction),8
1995,patrol and coastal combatants,Patra,4
1995,patrol and coastal combatants,Stene,0
1995,patrol and coastal combatants,Sterne,1
1995,patrol and coastal combatants,NA,5
1995,principal surface combatants,Aconit,1
1995,principal surface combatants,Cassard,2
1995,principal surface combatants,Clemenceau,2
1995,principal surface combatants,Commandant Riviere,1
1995,principal surface combatants,D'Estienne d'Orves,17
1995,principal surface combatants,Floreal,6
1995,principal surface combatants,Georges Leygues,7
1995,principal surface combatants,Jeanne d'Arc,1
1995,principal surface combatants,La Fayette,1
1995,principal surface combatants,Suffren,2
1995,principal surface combatants,Tourville,2
1995,radars,RASIT,0
1995,radars,STENTOR,0
1995,radars,STRIDA II,0
1995,submarines,Agosta,4
1995,submarines,Daphne,3
1995,submarines,L'Inflexible,0
1995,submarines,Le Redoutable,5
1995,submarines,Rubis,6
1995,surface-to-surface missile launchers,Crotale,0
1995,surface-to-surface missile launchers,HAWK,69
1995,surface-to-surface missile launchers,Hades,15
1995,surface-to-surface missile launchers,Mistral,265
1995,surface-to-surface missile launchers,Roland II / Roland I,177
1995,unmanned aerial vehicles,CL 89 (AN/USD501),0
1995,unmanned aerial vehicles,CL289 (AN/USD502),0
1995,unmanned aerial vehicles,MART Mk II,0
1996,air-launched missiles,AIM-9 Sidewinder,0
1996,air-launched missiles,AM-39 Exocet,0
1996,air-launched missiles,AS-30/-30L,0
1996,air-launched missiles,Martel AS-37,0
1996,air-launched missiles,R-550 Magic,0
1996,air-launched missiles,R-550 Magic 1/II,0
1996,air-launched missiles,R-550 Magic 2,0
1996,air-launched missiles,Super 530D,0
1996,air-launched missiles,Super 530F/D,0
1996,aircraft,A 310-300,2
1996,aircraft,A310-300,0
1996,aircraft,AS-555,0
1996,aircraft,Alize,15
1996,aircraft,Alpha Jet,111
1996,aircraft,Atlantic,6
1996,aircraft,Atlantique 2,20
1996,aircraft,C-130-H,3
1996,aircraft,C-130-H-30,9
1996,aircraft,C-130H Hercules,0
1996,aircraft,C-135FR,22
1996,aircraft,C-160,0
1996,aircraft,C-160 ELINT/ESM,0
1996,aircraft,C-160 Transall,0
1996,aircraft,C-160-AG,8
1996,aircraft,C-160AG,40
1996,aircraft,C-160G-2,74
1996,aircraft,C-160NG,20
1996,aircraft,CAP 10,8
1996,aircraft,CAP 10B/CAP 231/CAP 232,9
1996,aircraft,CM-170,11
1996,aircraft,CN-235,0
1996,aircraft,CN-235M,8
1996,aircraft,CR-100,2
1996,aircraft,Cessna Caravan II,2
1996,aircraft,Crusader,11
1996,aircraft,DC-8 ELINT,0
1996,aircraft,DC-8 Sarigue,0
1996,aircraft,DC-8F,3
1996,aircraft,DHC-6,10
1996,aircraft,DHC-6 Twin Otter,0
1996,aircraft,E-3F,4
1996,aircraft,E-3F Sentry,4
1996,aircraft,EMB-121,25
1996,aircraft,EMB-121 Xingu,0
1996,aircraft,EMB-312 Tucano,42
1996,aircraft,Entendard IV P-PM,8
1996,aircraft,F1-B Mirage,0
1996,aircraft,F1-C Mirage,0
1996,aircraft,F1CR Mirage,0
1996,aircraft,Falcon 10MER,5
1996,aircraft,Falcon 20,7
1996,aircraft,Falcon 50,4
1996,aircraft,Falcon 900,2
1996,aircraft,Falcon-20,4
1996,aircraft,Jaguar A,0
1996,aircraft,Jaguar E,0
1996,aircraft,Jaguar-E,26
1996,aircraft,KC-135,0
1996,aircraft,M-2000B Mirage,0
1996,aircraft,MS-760,30
1996,aircraft,MS-880 Rallye,4
1996,aircraft,Mirage 2000B,0
1996,aircraft,Mirage 2000C,0
1996,aircraft,Mirage F-1B,10
1996,aircraft,Mirage F-1C,10
1996,aircraft,Mirage F1-CR,40
1996,aircraft,Mirage IV P,15
1996,aircraft,Mirage M-2000B,20
1996,aircraft,Mirage M-2000C,95
1996,aircraft,Mirage M-2000N,65
1996,aircraft,Mirage MIVP,15
1996,aircraft,Mystere-Falcon 20,3
1996,aircraft,Mystere-Falcon 20P,1
1996,aircraft,N-262,22
1996,aircraft,N-262 Fregate,4
1996,aircraft,Nord-262,24
1996,aircraft,PC-6,5
1996,aircraft,Rallye 880,10
1996,aircraft,SA-330 Puma,0
1996,aircraft,SE-3130,0
1996,aircraft,Super Etendard,36
1996,aircraft,TB-30 Epsilon,98
1996,aircraft,TBM-700,0
1996,aircraft,TMB-700,12
1996,aircraft,Xingu,18
1996,amphibious,Batral,0
1996,amphibious,Bougainville,0
1996,amphibious,Champlain,0
1996,amphibious,Foudre,0
1996,amphibious,Mistral,0
1996,amphibious,Ouragan,0
1996,amphibious,NA,0
1996,anti-tank and anti-infrastructure,APILAS,10800
1996,anti-tank and anti-infrastructure,NA,11200
1996,armoured fighting vehicles,AML-60/-90,570
1996,armoured fighting vehicles,AMX-10P/PC,713
1996,armoured fighting vehicles,AMX-10RC,337
1996,armoured fighting vehicles,AMX-30,776
1996,armoured fighting vehicles,AMX-30B2,658
1996,armoured fighting vehicles,ERC-90F4 Sagaie,192
1996,armoured fighting vehicles,Leclerc,114
1996,armoured fighting vehicles,VAB,3840
1996,armoured fighting vehicles,VBL M-11,914
1996,artillery,53T1,9
1996,artillery,53T2,781
1996,artillery,AU-50,6
1996,artillery,AU-F-1,251
1996,artillery,BF-50,139
1996,artillery,F-3,33
1996,artillery,M-51,250
1996,artillery,MLRS,53
1996,artillery,RT-Fl,366
1996,artillery,TR-F-1,105
1996,artillery,towed,362
1996,artillery,NA,273
1996,ballistic missiles,SSBS,18
1996,helicopters,AS-332 Super Puma,7
1996,helicopters,AS-355 Ecureuil,6
1996,helicopters,AS-532,22
1996,helicopters,AS-532 Cougar,3
1996,helicopters,AS-532 Horizon,2
1996,helicopters,AS-555,12
1996,helicopters,AS-555 Fennec,39
1996,helicopters,AS-565SA,3
1996,helicopters,Alouette,136
1996,helicopters,SA-313,10
1996,helicopters,SA-319,14
1996,helicopters,SA-319 Alouette III,0
1996,helicopters,SA-321 Super Frelon,12
1996,helicopters,SA-330 Puma,161
1996,helicopters,SA-341F,0
1996,helicopters,SA-341F/M,157
1996,helicopters,SA-342M,30
1996,helicopters,SA-342M Gazelle,154
1996,helicopters,SA-365,4
1996,helicopters,SE-3130,3
1996,logistics and support,Durance,4
1996,logistics and support,Glycine,2
1996,logistics and support,Jules Verne,1
1996,logistics and support,NA,11
1996,mine warfare,Antares,3
1996,mine warfare,Circe,5
1996,mine warfare,Eridan,10
1996,mine warfare,Vulcain,4
1996,mine warfare,NA,0
1996,patrol and coastal combatants,Albatros,1
1996,patrol and coastal combatants,Arago,0
1996,patrol and coastal combatants,Athos,2
1996,patrol and coastal combatants,Flamant,4
1996,patrol and coastal combatants,Grebe,2
1996,patrol and coastal combatants,L'Audacieuse,10
1996,patrol and coastal combatants,La Combattante,1
1996,patrol and coastal combatants,Leopard (Instruction),8
1996,patrol and coastal combatants,Patra,4
1996,patrol and coastal combatants,Stene,1
1996,patrol and coastal combatants,Sterne,1
1996,patrol and coastal combatants,NA,5
1996,principal surface combatants,Aconit,1
1996,principal surface combatants,Cassard,2
1996,principal surface combatants,Clemenceau,2
1996,principal surface combatants,Commandant Riviere,1
1996,principal surface combatants,D'Estienne d'Orves,17
1996,principal surface combatants,Floreal,6
1996,principal surface combatants,Georges Leygues,7
1996,principal surface combatants,Jeanne d'Arc,1
1996,principal surface combatants,La Fayette,1
1996,principal surface combatants,Suffren,2
1996,principal surface combatants,Tourville,3
1996,radars,RASIT,0
1996,radars,STENTOR,0
1996,radars,STRIDA II,0
1996,submarines,Agosta,4
1996,submarines,Daphne,2
1996,submarines,L'Inflexible,0
1996,submarines,Le Redoutable,4
1996,submarines,Le Triomphant,1
1996,submarines,Rubis,6
1996,surface-to-surface missile launchers,Crotale,24
1996,surface-to-surface missile launchers,HAWK,69
1996,surface-to-surface missile launchers,Hades,15
1996,surface-to-surface missile launchers,Mistral,381
1996,surface-to-surface missile launchers,Roland II / Roland I,178
1996,unmanned aerial vehicles,CL 89 (AN/USD501),0
1996,unmanned aerial vehicles,CL289 (AN/USD502),0
1996,unmanned aerial vehicles,MART Mk II,0
1997,air-launched missiles,AIM-9 Sidewinder,0
1997,air-launched missiles,AM-39 Exocet,0
1997,air-launched missiles,AS-30/-30L,0
1997,air-launched missiles,ASMP,0
1997,air-launched missiles,R-550 Magic,0
1997,air-launched missiles,R-550 Magic 1/II,0
1997,air-launched missiles,R-550 Magic 2,0
1997,air-launched missiles,Super 530D,0
1997,air-launched missiles,Super 530F/D,0
1997,aircraft,A 310-300,2
1997,aircraft,A310-300,0
1997,aircraft,AS-555,0
1997,aircraft,Alize,15
1997,aircraft,Alpha Jet,111
1997,aircraft,Atlantic,6
1997,aircraft,Atlantique 2,20
1997,aircraft,C-130-H,5
1997,aircraft,C-130-H-30,9
1997,aircraft,C-130H Hercules,0
1997,aircraft,C-135FR,22
1997,aircraft,C-160,0
1997,aircraft,C-160 ELINT/ESM,0
1997,aircraft,C-160 Transall,0
1997,aircraft,C-160AG,40
1997,aircraft,C-160NG,20
1997,aircraft,CAP 10,8
1997,aircraft,CAP 10B/CAP 231/CAP 232,4
1997,aircraft,CM-170,11
1997,aircraft,CN-235,0
1997,aircraft,CN-235M,8
1997,aircraft,CR-100,2
1997,aircraft,Cessna Caravan II,2
1997,aircraft,Crusader,11
1997,aircraft,DC-8 ELINT,0
1997,aircraft,DC-8 Sarigue,0
1997,aircraft,DC-8F,3
1997,aircraft,DHC-6,10
1997,aircraft,DHC-6 Twin Otter,0
1997,aircraft,E-3F,4
1997,aircraft,E-3F Sentry,4
1997,aircraft,EMB-121,25
1997,aircraft,EMB-121 Xingu,0
1997,aircraft,EMB-312 Tucano,49
1997,aircraft,F1-B Mirage,0
1997,aircraft,F1-C Mirage,0
1997,aircraft,F1CR Mirage,0
1997,aircraft,Falcon 10MER,5
1997,aircraft,Falcon 20,7
1997,aircraft,Falcon 50,4
1997,aircraft,Falcon 900,2
1997,aircraft,Falcon-20,4
1997,aircraft,Jaguar A,0
1997,aircraft,Jaguar E,0
1997,aircraft,Jaguar-E,20
1997,aircraft,KC-135,0
1997,aircraft,M-2000B Mirage,0
1997,aircraft,MS-760,30
1997,aircraft,MS-880 Rallye,4
1997,aircraft,Mirage 2000B,0
1997,aircraft,Mirage 2000C,0
1997,aircraft,Mirage F-1B,10
1997,aircraft,Mirage F-1C,10
1997,aircraft,Mirage F1-CR,40
1997,aircraft,Mirage IV P,15
1997,aircraft,Mirage M-2000B,25
1997,aircraft,Mirage M-2000C,95
1997,aircraft,Mirage M-2000N,60
1997,aircraft,Mirage MIVP,5
1997,aircraft,Mystere-Falcon 20,3
1997,aircraft,Mystere-Falcon 20P,1
1997,aircraft,N-262,22
1997,aircraft,N-262 Fregate,4
1997,aircraft,Nord-262,24
1997,aircraft,PC-6,5
1997,aircraft,Rallye 880,10
1997,aircraft,SA-330 Puma,0
1997,aircraft,Super Etendard,36
1997,aircraft,TB-30 Epsilon,97
1997,aircraft,TBM-700,0
1997,aircraft,TMB-700,12
1997,aircraft,Xingu,18
1997,amphibious,Batral,0
1997,amphibious,Bougainville,1
1997,amphibious,Champlain,5
1997,amphibious,Foudre,1
1997,amphibious,Mistral,0
1997,amphibious,Ouragan,2
1997,amphibious,NA,30
1997,anti-tank and anti-infrastructure,APILAS,10800
1997,anti-tank and anti-infrastructure,NA,10380
1997,armoured fighting vehicles,AML-60/-90,155
1997,armoured fighting vehicles,AMX-10P/PC,713
1997,armoured fighting vehicles,AMX-10RC,337
1997,armoured fighting vehicles,AMX-30,0
1997,armoured fighting vehicles,AMX-30B2,658
1997,armoured fighting vehicles,ERC-90F4 Sagaie,192
1997,armoured fighting vehicles,Leclerc,110
1997,armoured fighting vehicles,VAB,3820
1997,armoured fighting vehicles,VBL M-11,899
1997,artillery,53T2,782
1997,artillery,AU-F-1,264
1997,artillery,BF-50,133
1997,artillery,M-51,159
1997,artillery,MLRS,59
1997,artillery,RT-Fl,361
1997,artillery,TR-F-1,105
1997,artillery,NA,170
1997,ballistic missiles,SSBS,18
1997,helicopters,AS-332 Super Puma,7
1997,helicopters,AS-355 Ecureuil,6
1997,helicopters,AS-532,24
1997,helicopters,AS-532 Cougar,3
1997,helicopters,AS-532 Horizon,2
1997,helicopters,AS-555,10
1997,helicopters,AS-555 Fennec,39
1997,helicopters,AS-565SA,3
1997,helicopters,SA-313,10
1997,helicopters,SA-319,14
1997,helicopters,SA-319 Alouette III,0
1997,helicopters,SA-321 Super Frelon,12
1997,helicopters,SA-330 Puma,158
1997,helicopters,SA-341F,157
1997,helicopters,SA-342AATCP,30
1997,helicopters,SA-342M Gazelle,155
1997,helicopters,SA-365,4
1997,logistics and support,Durance,5
1997,logistics and support,Glycine,2
1997,logistics and support,Jules Verne,1
1997,logistics and support,NA,11
1997,mine warfare,Antares,3
1997,mine warfare,Circe,5
1997,mine warfare,Eridan,13
1997,mine warfare,Vulcain,4
1997,mine warfare,NA,0
1997,patrol and coastal combatants,Albatros,1
1997,patrol and coastal combatants,Arago,0
1997,patrol and coastal combatants,Athos,2
1997,patrol and coastal combatants,Flamant,4
1997,patrol and coastal combatants,Grebe,2
1997,patrol and coastal combatants,L'Audacieuse,10
1997,patrol and coastal combatants,La Combattante,1
1997,patrol and coastal combatants,Leopard (Instruction),8
1997,patrol and coastal combatants,Patra,4
1997,patrol and coastal combatants,Stene,1
1997,patrol and coastal combatants,Sterne,1
1997,patrol and coastal combatants,NA,5
1997,principal surface combatants,Cassard,2
1997,principal surface combatants,Clemenceau,2
1997,principal surface combatants,D'Estienne d'Orves,16
1997,principal surface combatants,Floreal,6
1997,principal surface combatants,Georges Leygues,7
1997,principal surface combatants,Jeanne d'Arc,1
1997,principal surface combatants,La Fayette,3
1997,principal surface combatants,Suffren,2
1997,principal surface combatants,Tourville,3
1997,radars,RASIT,0
1997,radars,STENTOR,0
1997,radars,STRIDA II,0
1997,submarines,Agosta,3
1997,submarines,Daphne,1
1997,submarines,L'Inflexible,0
1997,submarines,Le Redoutable,3
1997,submarines,Le Triomphant,1
1997,submarines,Rubis,6
1997,surface-to-surface missile launchers,Crotale,24
1997,surface-to-surface missile launchers,HAWK,69
1997,surface-to-surface missile launchers,Mistral,381
1997,surface-to-surface missile launchers,Roland II / Roland I,156
1997,unmanned aerial vehicles,CL 89 (AN/USD501),0
1997,unmanned aerial vehicles,CL289 (AN/USD502),0
1997,unmanned aerial vehicles,MART Mk II,0
1998,air-launched missiles,AIM-9 Sidewinder,0
1998,air-launched missiles,AM-39 Exocet,0
1998,air-launched missiles,AS-30/-30L,0
1998,air-launched missiles,ASMP,0
1998,air-launched missiles,R-550 Magic,0
1998,air-launched missiles,R-550 Magic 1/II,0
1998,air-launched missiles,R-550 Magic 2,0
1998,air-launched missiles,Super 530D,0
1998,air-launched missiles,Super 530F/D,0
1998,aircraft,A 310-300,2
1998,aircraft,A310-300,0
1998,aircraft,AS-555,0
1998,aircraft,Alize,6
1998,aircraft,Alpha Jet,110
1998,aircraft,Atlantique 2,18
1998,aircraft,C-130-H,5
1998,aircraft,C-130-H-30,9
1998,aircraft,C-130H Hercules,0
1998,aircraft,C-135FR,22
1998,aircraft,C-160,0
1998,aircraft,C-160 ELINT/ESM,0
1998,aircraft,C-160 Transall,0
1998,aircraft,C-160AG,40
1998,aircraft,C-160NG,20
1998,aircraft,CAP 10,8
1998,aircraft,CAP 10B/CAP 231/CAP 232,4
1998,aircraft,CM-170,11
1998,aircraft,CN-235,0
1998,aircraft,CN-235M,8
1998,aircraft,CR-100,2
1998,aircraft,Cessna Caravan II,2
1998,aircraft,Crusader,9
1998,aircraft,DC-8 ELINT,0
1998,aircraft,DC-8 Sarigue,0
1998,aircraft,DC-8F,3
1998,aircraft,DHC-6,10
1998,aircraft,DHC-6 Twin Otter,0
1998,aircraft,E-3F,4
1998,aircraft,E-3F Sentry,4
1998,aircraft,EMB-121,49
1998,aircraft,EMB-121 Xingu,0
1998,aircraft,EMB-312 Tucano,48
1998,aircraft,F1-B Mirage,0
1998,aircraft,F1-C Mirage,0
1998,aircraft,F1CR Mirage,0
1998,aircraft,Falcon 10MER,5
1998,aircraft,Falcon 20,0
1998,aircraft,Falcon 50,4
1998,aircraft,Falcon 900,2
1998,aircraft,Falcon-20,11
1998,aircraft,Jaguar A,0
1998,aircraft,Jaguar E,0
1998,aircraft,Jaguar-E,20
1998,aircraft,KC-135,6
1998,aircraft,M-2000B Mirage,0
1998,aircraft,MS-760,24
1998,aircraft,MS-880 Rallye,0
1998,aircraft,Mirage 2000B,0
1998,aircraft,Mirage 2000C,0
1998,aircraft,Mirage F-1B,10
1998,aircraft,Mirage F-1C,10
1998,aircraft,Mirage F1-CR,40
1998,aircraft,Mirage IV P,5
1998,aircraft,Mirage M-2000B,25
1998,aircraft,Mirage M-2000C,95
1998,aircraft,Mirage M-2000N,60
1998,aircraft,Mirage MIVP,5
1998,aircraft,Mystere-Falcon 20P,1
1998,aircraft,N-262,22
1998,aircraft,N-262 Fregate,4
1998,aircraft,Nord-262,13
1998,aircraft,PC-6,5
1998,aircraft,Rallye 880,7
1998,aircraft,SA-330 Puma,0
1998,aircraft,Super Etendard,0
1998,aircraft,TB-30 Epsilon,97
1998,aircraft,TBM-700,0
1998,aircraft,TMB-700,12
1998,aircraft,Xingu,8
1998,amphibious,Batral,0
1998,amphibious,Champlain,5
1998,amphibious,Foudre,2
1998,amphibious,Mistral,0
1998,amphibious,Ouragan,2
1998,amphibious,NA,26
1998,anti-tank and anti-infrastructure,APILAS,9690
1998,anti-tank and anti-infrastructure,NA,9850
1998,armoured fighting vehicles,AML-60/-90,155
1998,armoured fighting vehicles,AMX-10P/PC,713
1998,armoured fighting vehicles,AMX-10RC,337
1998,armoured fighting vehicles,AMX-30,0
1998,armoured fighting vehicles,AMX-30B2,1071
1998,armoured fighting vehicles,ERC-90F4 Sagaie,192
1998,armoured fighting vehicles,Leclerc,139
1998,armoured fighting vehicles,VAB,3820
1998,armoured fighting vehicles,VBL M-11,899
1998,artillery,53T2,774
1998,artillery,AU-F-1,272
1998,artillery,BF-50,113
1998,artillery,M-51,146
1998,artillery,MLRS,58
1998,artillery,RT-Fl,361
1998,artillery,TR-F-1,105
1998,artillery,NA,170
1998,helicopters,AS-332 Super Puma,7
1998,helicopters,AS-355 Ecureuil,6
1998,helicopters,AS-532,24
1998,helicopters,AS-532 Cougar,3
1998,helicopters,AS-532 Horizon,4
1998,helicopters,AS-555,18
1998,helicopters,AS-555 Fennec,39
1998,helicopters,AS-565SA,13
1998,helicopters,SA-319,14
1998,helicopters,SA-319 Alouette III,0
1998,helicopters,SA-321 Super Frelon,10
1998,helicopters,SA-330 Puma,158
1998,helicopters,SA-341F,157
1998,helicopters,SA-342AATCP,30
1998,helicopters,SA-342M Gazelle,155
1998,helicopters,SA-365,4
1998,logistics and support,Durance,5
1998,logistics and support,Glycine,2
1998,logistics and support,Jules Verne,1
1998,logistics and support,NA,11
1998,mine warfare,Antares,3
1998,mine warfare,Eridan,13
1998,mine warfare,Loire,1
1998,mine warfare,Vulcain,4
1998,mine warfare,NA,0
1998,patrol and coastal combatants,Albatros,0
1998,patrol and coastal combatants,Arago,0
1998,patrol and coastal combatants,Athos,2
1998,patrol and coastal combatants,Flamant,4
1998,patrol and coastal combatants,Grebe,2
1998,patrol and coastal combatants,L'Audacieuse,10
1998,patrol and coastal combatants,La Combattante,1
1998,patrol and coastal combatants,Leopard (Instruction),8
1998,patrol and coastal combatants,Patra,2
1998,patrol and coastal combatants,Stellis,6
1998,patrol and coastal combatants,Stene,1
1998,patrol and coastal combatants,Sterne,1
1998,patrol and coastal combatants,NA,5
1998,principal surface combatants,Cassard,2
1998,principal surface combatants,Clemenceau,1
1998,principal surface combatants,D'Estienne d'Orves,16
1998,principal surface combatants,Floreal,6
1998,principal surface combatants,Georges Leygues,7
1998,principal surface combatants,Jeanne d'Arc,1
1998,principal surface combatants,La Fayette,3
1998,principal surface combatants,Suffren,2
1998,principal surface combatants,Tourville,3
1998,radars,RASIT,0
1998,radars,STRIDA,1
1998,radars,STRIDA II,0
1998,submarines,Agosta,2
1998,submarines,L'Inflexible,3
1998,submarines,Le Triomphant,1
1998,submarines,Rubis,6
1998,surface-to-surface missile launchers,Crotale,24
1998,surface-to-surface missile launchers,HAWK,69
1998,surface-to-surface missile launchers,Mistral,381
1998,surface-to-surface missile launchers,Roland II / Roland I,156
1998,unmanned aerial vehicles,CL289 (AN/USD502),6
1998,unmanned aerial vehicles,Hunter,4
1999,air-launched missiles,AIM-9 Sidewinder,0
1999,air-launched missiles,AM-39 Exocet,0
1999,air-launched missiles,AS-30/-30L,0
1999,air-launched missiles,ASMP,0
1999,air-launched missiles,Mica,0
1999,air-launched missiles,R-550 Magic,0
1999,air-launched missiles,R-550 Magic 1/II,0
1999,air-launched missiles,R-550 Magic 2,0
1999,air-launched missiles,Super 530D,0
1999,air-launched missiles,Super 530F/D,0
1999,aircraft,A 310-300,2
1999,aircraft,A310-300,0
1999,aircraft,AS-555,0
1999,aircraft,Alize,7
1999,aircraft,Alpha Jet,119
1999,aircraft,Atlantique 2,18
1999,aircraft,C-130-H,5
1999,aircraft,C-130-H-30,9
1999,aircraft,C-130H Hercules,0
1999,aircraft,C-135FR,22
1999,aircraft,C-160,0
1999,aircraft,C-160 ELINT/ESM,0
1999,aircraft,C-160 Transall,0
1999,aircraft,C-160AG,40
1999,aircraft,C-160NG,20
1999,aircraft,CAP 10,8
1999,aircraft,CAP 10B/CAP 231/CAP 232,4
1999,aircraft,CN-235,0
1999,aircraft,CN-235M,10
1999,aircraft,CR-100,2
1999,aircraft,Cessna Caravan II,2
1999,aircraft,Crusader,9
1999,aircraft,DC-8 ELINT,0
1999,aircraft,DC-8 Sarigue,0
1999,aircraft,DC-8F,3
1999,aircraft,DHC-6,6
1999,aircraft,DHC-6 Twin Otter,0
1999,aircraft,E-3F,4
1999,aircraft,E-3F Sentry,4
1999,aircraft,EMB-121 Xingu,49
1999,aircraft,EMB-312 Tucano,48
1999,aircraft,F1-B Mirage,0
1999,aircraft,F1-C Mirage,0
1999,aircraft,F1CR Mirage,0
1999,aircraft,Falcon 10MER,5
1999,aircraft,Falcon 20,7
1999,aircraft,Falcon 50,4
1999,aircraft,Falcon 900,2
1999,aircraft,Jaguar A,0
1999,aircraft,Jaguar E,0
1999,aircraft,KC-135,6
1999,aircraft,M-2000B Mirage,0
1999,aircraft,MS-880 Rallye,0
1999,aircraft,Mirage 2000B,0
1999,aircraft,Mirage 2000C,0
1999,aircraft,Mirage F-1B,10
1999,aircraft,Mirage F-1C,10
1999,aircraft,Mirage F1-CR,40
1999,aircraft,Mirage IV P,5
1999,aircraft,Mirage M-2000B,25
1999,aircraft,Mirage M-2000C,95
1999,aircraft,Mirage M-2000N,60
1999,aircraft,Mirage MIVP,5
1999,aircraft,N-262,19
1999,aircraft,N-262 Fregate,4
1999,aircraft,Nord-262,13
1999,aircraft,PC-6,5
1999,aircraft,Rallye 880,7
1999,aircraft,SA-330 Puma,0
1999,aircraft,Super Etendard,0
1999,aircraft,TB-30 Epsilon,97
1999,aircraft,TBM-700,0
1999,aircraft,TMB-700,13
1999,aircraft,Xingu,8
1999,amphibious,Batral,0
1999,amphibious,Champlain,5
1999,amphibious,Foudre,2
1999,amphibious,Mistral,0
1999,amphibious,Ouragan,2
1999,amphibious,NA,26
1999,anti-tank and anti-infrastructure,APILAS,9690
1999,anti-tank and anti-infrastructure,NA,0
1999,armoured fighting vehicles,AML-60/-90,155
1999,armoured fighting vehicles,AMX-10P/PC,713
1999,armoured fighting vehicles,AMX-10RC,337
1999,armoured fighting vehicles,AMX-30,0
1999,armoured fighting vehicles,AMX-30B2,985
1999,armoured fighting vehicles,ERC-90F4 Sagaie,192
1999,armoured fighting vehicles,Leclerc,222
1999,armoured fighting vehicles,VAB,3820
1999,armoured fighting vehicles,VBL M-11,899
1999,artillery,53T2,774
1999,artillery,AU-F-1,272
1999,artillery,BF-50,113
1999,artillery,M-51,146
1999,artillery,MLRS,58
1999,artillery,RT-Fl,261
1999,artillery,TR-F-1,105
1999,artillery,NA,0
1999,helicopters,AS-332 Super Puma,7
1999,helicopters,AS-355 Ecureuil,6
1999,helicopters,AS-532,24
1999,helicopters,AS-532 Cougar,3
1999,helicopters,AS-532 Horizon,4
1999,helicopters,AS-555,18
1999,helicopters,AS-555 Fennec,43
1999,helicopters,AS-565SA,13
1999,helicopters,SA-319,0
1999,helicopters,SA-319 Alouette III,3
1999,helicopters,SA-321 Super Frelon,10
1999,helicopters,SA-330 Puma,159
1999,helicopters,SA-341F,157
1999,helicopters,SA-342AATCP,30
1999,helicopters,SA-342M Gazelle,155
1999,helicopters,SA-365,4
1999,logistics and support,Durance,5
1999,logistics and support,Glycine,2
1999,logistics and support,Jules Verne,1
1999,logistics and support,NA,11
1999,mine warfare,Antares,3
1999,mine warfare,Eridan,13
1999,mine warfare,Loire,2
1999,mine warfare,Vulcain,4
1999,mine warfare,NA,0
1999,patrol and coastal combatants,Albatros,0
1999,patrol and coastal combatants,Arago,0
1999,patrol and coastal combatants,Athos,2
1999,patrol and coastal combatants,Flamant,4
1999,patrol and coastal combatants,Grebe,2
1999,patrol and coastal combatants,L'Audacieuse,10
1999,patrol and coastal combatants,La Combattante,1
1999,patrol and coastal combatants,Leopard (Instruction),8
1999,patrol and coastal combatants,Patra,2
1999,patrol and coastal combatants,Stellis,6
1999,patrol and coastal combatants,Stene,1
1999,patrol and coastal combatants,Sterne,1
1999,patrol and coastal combatants,NA,5
1999,principal surface combatants,Cassard,2
1999,principal surface combatants,Clemenceau,1
1999,principal surface combatants,D'Estienne d'Orves,16
1999,principal surface combatants,Floreal,6
1999,principal surface combatants,Georges Leygues,7
1999,principal surface combatants,Jeanne d'Arc,1
1999,principal surface combatants,La Fayette,3
1999,principal surface combatants,Suffren,2
1999,principal surface combatants,Tourville,3
1999,radars,RASIT,0
1999,radars,STRIDA,0
1999,radars,STRIDA II,0
1999,submarines,Agosta,2
1999,submarines,L'Inflexible,2
1999,submarines,Le Triomphant,2
1999,submarines,Rubis,6
1999,surface-to-surface missile launchers,ASPIC,0
1999,surface-to-surface missile launchers,Crotale,0
1999,surface-to-surface missile launchers,HAWK,69
1999,surface-to-surface missile launchers,Mistral,380
1999,surface-to-surface missile launchers,Roland II / Roland I,156
1999,surface-to-surface missile launchers,SATCP,0
1999,unmanned aerial vehicles,CL289 (AN/USD502),6
1999,unmanned aerial vehicles,Hunter,4
2000,air-launched missiles,AIM-9 Sidewinder,0
2000,air-launched missiles,AM-39 Exocet,0
2000,air-launched missiles,AS-30/-30L,0
2000,air-launched missiles,ASMP,0
2000,air-launched missiles,ASMP-A,0
2000,air-launched missiles,Mica,0
2000,air-launched missiles,R-550 Magic,0
2000,air-launched missiles,R-550 Magic 1/II,0
2000,air-launched missiles,R-550 Magic 2,0
2000,air-launched missiles,Super 530D,0
2000,air-launched missiles,Super 530F/D,0
2000,aircraft,A 310-300,2
2000,aircraft,A-319,0
2000,aircraft,A-319 (VIP),0
2000,aircraft,A310-300,0
2000,aircraft,A319,0
2000,aircraft,A330,0
2000,aircraft,A340-200,0
2000,aircraft,A400M Atlas,0
2000,aircraft,AS-555,0
2000,aircraft,Alize,6
2000,aircraft,Alpha Jet,99
2000,aircraft,Atlantique 2,18
2000,aircraft,C-130-H,5
2000,aircraft,C-130-H-30,9
2000,aircraft,C-130H Hercules,0
2000,aircraft,C-130H-30 Hercules,0
2000,aircraft,C-135FR,22
2000,aircraft,C-160,0
2000,aircraft,C-160 ELINT/ESM,0
2000,aircraft,C-160 Transall,0
2000,aircraft,C-160AG,13
2000,aircraft,C-160H,4
2000,aircraft,C-160H Astarte,4
2000,aircraft,C-160NG,60
2000,aircraft,C-160R Transall,0
2000,aircraft,CAP 10,8
2000,aircraft,CAP 10B/CAP 231/CAP 232,9
2000,aircraft,CN-235,0
2000,aircraft,CN-235M,14
2000,aircraft,CN-235M-100,0
2000,aircraft,CN-235M-300,0
2000,aircraft,CR-100,2
2000,aircraft,Cessna Caravan II,2
2000,aircraft,DC-8 ELINT,0
2000,aircraft,DC-8 Sarigue,0
2000,aircraft,DC-8E,1
2000,aircraft,DC-8F,2
2000,aircraft,DHC-6,6
2000,aircraft,DHC-6 Twin Otter,0
2000,aircraft,DHC-6-300 Twin Otter,0
2000,aircraft,E-3F,4
2000,aircraft,E-3F Sentry,4
2000,aircraft,EMB-121 Xingu,32
2000,aircraft,EMB-121Xingu,0
2000,aircraft,EMB-312 Tucano,48
2000,aircraft,F1-B Mirage,0
2000,aircraft,F1-C Mirage,0
2000,aircraft,F1CR Mirage,0
2000,aircraft,Falcon 10MER,5
2000,aircraft,Falcon 20,7
2000,aircraft,Falcon 2000,0
2000,aircraft,Falcon 50,4
2000,aircraft,Falcon 50 (VIP),0
2000,aircraft,Falcon 7X,0
2000,aircraft,Falcon 900,2
2000,aircraft,Falcon 900 (VIP),0
2000,aircraft,Jaguar A,0
2000,aircraft,Jaguar E,6
2000,aircraft,KC-135,6
2000,aircraft,KC-135 Stratotanker,0
2000,aircraft,M-2000B Mirage,0
2000,aircraft,MS-880 Rallye,0
2000,aircraft,Mirage 2000B,0
2000,aircraft,Mirage 2000C,0
2000,aircraft,Mirage F-1B,10
2000,aircraft,Mirage F-1C,23
2000,aircraft,Mirage F1-CR,40
2000,aircraft,Mirage IV P,5
2000,aircraft,Mirage M-2000-5F,30
2000,aircraft,Mirage M-2000B,20
2000,aircraft,Mirage M-2000C,64
2000,aircraft,Mirage M-2000N,60
2000,aircraft,Mirage MIVP,5
2000,aircraft,Mystere 20,6
2000,aircraft,N-262,19
2000,aircraft,N-262 Fregate,4
2000,aircraft,Nord-262,13
2000,aircraft,PC-6,5
2000,aircraft,Rallye 880,7
2000,aircraft,SA-330 Puma,0
2000,aircraft,Super Etendard,0
2000,aircraft,TB-30 Epsilon,92
2000,aircraft,TBM-700,2
2000,aircraft,TMB-700,17
2000,aircraft,Transall C-160NG,0
2000,aircraft,Xingu,8
2000,amphibious,Batral,0
2000,amphibious,Champlain,5
2000,amphibious,Foudre,2
2000,amphibious,Mistral,0
2000,amphibious,Ouragan,2
2000,amphibious,NA,26
2000,anti-tank and anti-infrastructure,APILAS,9690
2000,anti-tank and anti-infrastructure,NA,9850
2000,armoured fighting vehicles,AMX-10P/PC,713
2000,armoured fighting vehicles,AMX-10RC,337
2000,armoured fighting vehicles,AMX-30,0
2000,armoured fighting vehicles,AMX-30B2,635
2000,armoured fighting vehicles,ERC-90F4 Sagaie,192
2000,armoured fighting vehicles,Leclerc,199
2000,armoured fighting vehicles,VAB,3900
2000,armoured fighting vehicles,VBL M-11,899
2000,artillery,53T2,774
2000,artillery,AU-F-1,273
2000,artillery,MLRS,61
2000,artillery,RT-Fl,363
2000,artillery,TR-F-1,105
2000,artillery,NA,0
2000,helicopters,(tpt/VIP),0
2000,helicopters,AS-332 Super Puma,7
2000,helicopters,AS-355 Ecureuil,4
2000,helicopters,AS-532,27
2000,helicopters,AS-532 Cougar,3
2000,helicopters,AS-532 Cougar (tpt/VIP),0
2000,helicopters,AS-532 Horizon,4
2000,helicopters,AS-555,0
2000,helicopters,AS-555 Fennec,43
2000,helicopters,AS-565SA,13
2000,helicopters,EC 725 Cougar MKII,0
2000,helicopters,EC725 Caracal,0
2000,helicopters,SA-319,0
2000,helicopters,SA-319 Alouette III,3
2000,helicopters,SA-321 Super Frelon,0
2000,helicopters,SA-330 Puma,157
2000,helicopters,SA-341F,154
2000,helicopters,SA-342AATCP,30
2000,helicopters,SA-342M Gazelle,155
2000,helicopters,SA-365,4
2000,logistics and support,AT/F,4
2000,logistics and support,Durance,4
2000,logistics and support,Glycine,2
2000,logistics and support,Jules Verne,0
2000,logistics and support,NA,13
2000,mine warfare,Antares,3
2000,mine warfare,Eridan,13
2000,mine warfare,Loire,1
2000,mine warfare,Vulcain,4
2000,mine warfare,NA,0
2000,patrol and coastal combatants,Albatros,1
2000,patrol and coastal combatants,Arago,0
2000,patrol and coastal combatants,Athos,2
2000,patrol and coastal combatants,Flamant,6
2000,patrol and coastal combatants,Grebe,2
2000,patrol and coastal combatants,L'Audacieuse,10
2000,patrol and coastal combatants,La Combattante,1
2000,patrol and coastal combatants,Leopard (Instruction),8
2000,patrol and coastal combatants,Patra,2
2000,patrol and coastal combatants,Stellis,6
2000,patrol and coastal combatants,Stene,1
2000,patrol and coastal combatants,Sterne,1
2000,patrol and coastal combatants,NA,5
2000,principal surface combatants,Cassard,0
2000,principal surface combatants,Charles de Gaulle,1
2000,principal surface combatants,D'Estienne d'Orves,10
2000,principal surface combatants,Floreal,0
2000,principal surface combatants,Georges Leygues,14
2000,principal surface combatants,Jeanne d'Arc,1
2000,principal surface combatants,La Fayette,4
2000,principal surface combatants,Suffren,0
2000,principal surface combatants,Tourville,4
2000,radars,RASIT,0
2000,radars,STRIDA,0
2000,radars,STRIDA II,0
2000,submarines,L'Inflexible,2
2000,submarines,Le Triomphant,2
2000,submarines,Rubis,6
2000,surface-to-surface missile launchers,ASPIC,0
2000,surface-to-surface missile launchers,Crotale,0
2000,surface-to-surface missile launchers,HAWK,69
2000,surface-to-surface missile launchers,Mistral,331
2000,surface-to-surface missile launchers,Roland II / Roland I,113
2000,surface-to-surface missile launchers,SATCP,0
2000,unmanned aerial vehicles,CL289 (AN/USD502),6
2000,unmanned aerial vehicles,Hunter,4
2001,air-launched missiles,AASM,0
2001,air-launched missiles,AIM-9 Sidewinder,0
2001,air-launched missiles,AM-39 Exocet,0
2001,air-launched missiles,AS 30 Laser,0
2001,air-launched missiles,AS-30 Laser,0
2001,air-launched missiles,AS-30/-30L,0
2001,air-launched missiles,ASMP,0
2001,air-launched missiles,ASMP-A,0
2001,air-launched missiles,MICA,0
2001,air-launched missiles,Mica,0
2001,air-launched missiles,Mica IR,0
2001,air-launched missiles,Mica RF,0
2001,air-launched missiles,R-550 Magic,0
2001,air-launched missiles,R-550 Magic 1/II,0
2001,air-launched missiles,R-550 Magic 2,0
2001,air-launched missiles,Super 530D,0
2001,air-launched missiles,Super 530F/D,0
2001,aircraft,A 310-300,2
2001,aircraft,A-319,0
2001,aircraft,A-319 (VIP),0
2001,aircraft,A310-300,0
2001,aircraft,A319,0
2001,aircraft,A330,0
2001,aircraft,A340-200,0
2001,aircraft,A400M Atlas,0
2001,aircraft,AS-555,0
2001,aircraft,Alpha Jet,99
2001,aircraft,Atlantique 2,16
2001,aircraft,C-130-H,5
2001,aircraft,C-130-H-30,9
2001,aircraft,C-130H Hercules,0
2001,aircraft,C-130H-30 Hercules,0
2001,aircraft,C-135FR,22
2001,aircraft,C-160,0
2001,aircraft,C-160 ELINT/ESM,0
2001,aircraft,C-160 Transall,0
2001,aircraft,C-160AG,13
2001,aircraft,C-160H,4
2001,aircraft,C-160H Astarte,4
2001,aircraft,C-160NG,60
2001,aircraft,C-160R Transall,0
2001,aircraft,CAP 10,8
2001,aircraft,CAP 10B/CAP 231/CAP 232,9
2001,aircraft,CN-235,0
2001,aircraft,CN-235M,14
2001,aircraft,CN-235M-100,0
2001,aircraft,CN-235M-300,0
2001,aircraft,CR-100,2
2001,aircraft,Cessna Caravan II,2
2001,aircraft,DC-8 ELINT,0
2001,aircraft,DC-8 Sarigue,0
2001,aircraft,DC-8E,1
2001,aircraft,DC-8F,2
2001,aircraft,DHC-6,6
2001,aircraft,DHC-6 Twin Otter,0
2001,aircraft,DHC-6-300 Twin Otter,0
2001,aircraft,E-2C Hawkeye,0
2001,aircraft,E-3F,4
2001,aircraft,E-3F Sentry,4
2001,aircraft,EMB-121 Xingu,32
2001,aircraft,EMB-121Xingu,0
2001,aircraft,EMB-312 Tucano,48
2001,aircraft,F1-B Mirage,0
2001,aircraft,F1-C Mirage,0
2001,aircraft,F1CR Mirage,0
2001,aircraft,Falcon 10MER,6
2001,aircraft,Falcon 20,7
2001,aircraft,Falcon 200 Gardian,0
2001,aircraft,Falcon 2000,0
2001,aircraft,Falcon 20H Gardian,0
2001,aircraft,Falcon 50,4
2001,aircraft,Falcon 50 (VIP),0
2001,aircraft,Falcon 50M,0
2001,aircraft,Falcon 50MER,2
2001,aircraft,Falcon 50MS,0
2001,aircraft,Falcon 7X,0
2001,aircraft,Falcon 900,2
2001,aircraft,Falcon 900 (VIP),0
2001,aircraft,Jaguar E,6
2001,aircraft,KC-135,6
2001,aircraft,KC-135 Stratotanker,0
2001,aircraft,M-2000B Mirage,0
2001,aircraft,MS-880 Rallye,0
2001,aircraft,Mirage 2000-5,0
2001,aircraft,Mirage 2000B,0
2001,aircraft,Mirage 2000C,0
2001,aircraft,Mirage F-1B,10
2001,aircraft,Mirage F-1C,23
2001,aircraft,Mirage F1-CR,40
2001,aircraft,Mirage IV P,5
2001,aircraft,Mirage M-2000-5F,30
2001,aircraft,Mirage M-2000B,20
2001,aircraft,Mirage M-2000C,64
2001,aircraft,Mirage M-2000N,60
2001,aircraft,Mirage MIVP,5
2001,aircraft,Mystere 20,6
2001,aircraft,N-262,19
2001,aircraft,N-262 Fregate,4
2001,aircraft,Nord-262,0
2001,aircraft,PC-6,5
2001,aircraft,Rafale M,0
2001,aircraft,Rafale M F1,0
2001,aircraft,Rafale M F2,0
2001,aircraft,Rafale M F3,0
2001,aircraft,SA-330 Puma,0
2001,aircraft,Super Etendard,28
2001,aircraft,TB-30 Epsilon,92
2001,aircraft,TBM-700,8
2001,aircraft,TMB-700,17
2001,aircraft,Transall C-160NG,0
2001,amphibious,Batral,0
2001,amphibious,Champlain,5
2001,amphibious,Foudre,2
2001,amphibious,Mistral,0
2001,amphibious,Ouragan,2
2001,amphibious,NA,20
2001,anti-tank and anti-infrastructure,APILAS,9690
2001,anti-tank and anti-infrastructure,AT-4,0
2001,anti-tank and anti-infrastructure,NA,9850
2001,armoured fighting vehicles,AMX-10P/PC,599
2001,armoured fighting vehicles,AMX-10RC,337
2001,armoured fighting vehicles,AMX-30,0
2001,armoured fighting vehicles,AMX-30B2,498
2001,armoured fighting vehicles,ERC-90F4 Sagaie,192
2001,armoured fighting vehicles,Leclerc,311
2001,armoured fighting vehicles,VAB,3900
2001,armoured fighting vehicles,VBL M-11,1019
2001,artillery,53T2,328
2001,artillery,AU-F-1,273
2001,artillery,MLRS,61
2001,artillery,RT-Fl,363
2001,artillery,TR-F-1,97
2001,artillery,NA,0
2001,helicopters,(tpt/VIP),0
2001,helicopters,AS 365F Dauphin,0
2001,helicopters,AS-332 Super Puma,7
2001,helicopters,AS-355 Ecureuil,4
2001,helicopters,AS-365 Dauphin 2,0
2001,helicopters,AS-532,24
2001,helicopters,AS-532 Cougar,3
2001,helicopters,AS-532 Cougar (tpt/VIP),0
2001,helicopters,AS-532 Horizon,4
2001,helicopters,AS-555,0
2001,helicopters,AS-555 Fennec,43
2001,helicopters,AS-565MA,13
2001,helicopters,AS332 Super Puma,0
2001,helicopters,AS332C Super Puma,0
2001,helicopters,AS332L Super Puma,0
2001,helicopters,AS36SN/F/SP Dauphin 2,0
2001,helicopters,AS36SN3,0
2001,helicopters,AS532UL Cougar (tpt/VIP),0
2001,helicopters,AS555 Fennec,0
2001,helicopters,ASS6SSA Panther,0
2001,helicopters,EC 725 Cougar MKII,0
2001,helicopters,EC22S Super Puma,0
2001,helicopters,EC725 Caracal,0
2001,helicopters,SA-319,0
2001,helicopters,SA-319 Alouette III,3
2001,helicopters,SA-321 Super Frelon,0
2001,helicopters,SA-330 Puma,149
2001,helicopters,SA-341F,77
2001,helicopters,SA-342AATCP,30
2001,helicopters,SA-342M Gazelle,155
2001,helicopters,SA-365,4
2001,helicopters,SA319B Alouette III,0
2001,helicopters,SA330B Puma,0
2001,logistics and support,AT/F,4
2001,logistics and support,Durance,4
2001,logistics and support,Glycine,2
2001,logistics and support,Jules Verne,1
2001,logistics and support,NA,13
2001,mine warfare,Antares,3
2001,mine warfare,Eridan,13
2001,mine warfare,Loire,2
2001,mine warfare,Vulcain,4
2001,mine warfare,NA,0
2001,patrol and coastal combatants,Albatros,2
2001,patrol and coastal combatants,Arago,0
2001,patrol and coastal combatants,Athos,2
2001,patrol and coastal combatants,Flamant,6
2001,patrol and coastal combatants,Grebe,2
2001,patrol and coastal combatants,L'Audacieuse,10
2001,patrol and coastal combatants,Leopard (Instruction),8
2001,patrol and coastal combatants,Patra,2
2001,patrol and coastal combatants,Stellis,6
2001,patrol and coastal combatants,Stene,1
2001,patrol and coastal combatants,Sterne,1
2001,patrol and coastal combatants,NA,5
2001,principal surface combatants,Cassard,2
2001,principal surface combatants,Charles de Gaulle,1
2001,principal surface combatants,D'Estienne d'Orves,10
2001,principal surface combatants,Floreal,6
2001,principal surface combatants,Georges Leygues,7
2001,principal surface combatants,Jeanne d'Arc,1
2001,principal surface combatants,La Fayette,5
2001,principal surface combatants,Suffren,1
2001,principal surface combatants,Tourville,2
2001,radars,RASIT,0
2001,radars,STRIDA,0
2001,radars,STRIDA II,0
2001,submarines,L'Inflexible,2
2001,submarines,Le Triomphant,2
2001,submarines,Rubis,6
2001,surface-to-surface missile launchers,ASPIC,0
2001,surface-to-surface missile launchers,Crotale,0
2001,surface-to-surface missile launchers,HAWK,26
2001,surface-to-surface missile launchers,Mistral,331
2001,surface-to-surface missile launchers,Roland II / Roland I,98
2001,surface-to-surface missile launchers,SATCP,0
2001,unmanned aerial vehicles,CL289 (AN/USD502),6
2001,unmanned aerial vehicles,Hunter,4
2002,air-launched missiles,AASM,0
2002,air-launched missiles,AIM-9 Sidewinder,0
2002,air-launched missiles,AM-39 Exocet,0
2002,air-launched missiles,AS 30 Laser,0
2002,air-launched missiles,AS-30 Laser,0
2002,air-launched missiles,AS-30/-30L,0
2002,air-launched missiles,ASMP,0
2002,air-launched missiles,ASMP-A,0
2002,air-launched missiles,MICA,0
2002,air-launched missiles,Mica,0
2002,air-launched missiles,Mica IR,0
2002,air-launched missiles,Mica RF,0
2002,air-launched missiles,R-550 Magic,0
2002,air-launched missiles,R-550 Magic 1/II,0
2002,air-launched missiles,R-550 Magic 2,0
2002,air-launched missiles,Super 530D,0
2002,air-launched missiles,Super 530F/D,0
2002,aircraft,A 310-300,2
2002,aircraft,A-319,0
2002,aircraft,A-319 (VIP),0
2002,aircraft,A310-300,0
2002,aircraft,A319,2
2002,aircraft,A330,0
2002,aircraft,A340-200,0
2002,aircraft,A400M Atlas,0
2002,aircraft,AS-555,0
2002,aircraft,Alpha Jet,90
2002,aircraft,Atlantique 2,18
2002,aircraft,C-130-H,5
2002,aircraft,C-130-H-30,9
2002,aircraft,C-130H Hercules,0
2002,aircraft,C-130H-30 Hercules,0
2002,aircraft,C-135FR,22
2002,aircraft,C-160,72
2002,aircraft,C-160 ELINT/ESM,0
2002,aircraft,C-160 Transall,0
2002,aircraft,C-160H Astarte,4
2002,aircraft,C-160NG,0
2002,aircraft,C-160R Transall,0
2002,aircraft,CAP 10,7
2002,aircraft,CAP 10B/CAP 231/CAP 232,9
2002,aircraft,CN-235,0
2002,aircraft,CN-235M,14
2002,aircraft,CN-235M-100,0
2002,aircraft,CN-235M-300,0
2002,aircraft,CR-100,2
2002,aircraft,Cessna Caravan II,2
2002,aircraft,DC-8 ELINT,0
2002,aircraft,DC-8 Sarigue,1
2002,aircraft,DC-8F,2
2002,aircraft,DHC-6,6
2002,aircraft,DHC-6 Twin Otter,0
2002,aircraft,DHC-6-300 Twin Otter,0
2002,aircraft,E-2C Hawkeye,2
2002,aircraft,E-3F,4
2002,aircraft,E-3F Sentry,4
2002,aircraft,EMB-121 Xingu,40
2002,aircraft,EMB-121Xingu,0
2002,aircraft,EMB-312 Tucano,48
2002,aircraft,F1-B Mirage,0
2002,aircraft,F1-C Mirage,0
2002,aircraft,F1CR Mirage,0
2002,aircraft,Falcon 10MER,5
2002,aircraft,Falcon 20,7
2002,aircraft,Falcon 200 Gardian,5
2002,aircraft,Falcon 2000,0
2002,aircraft,Falcon 20H Gardian,0
2002,aircraft,Falcon 50,4
2002,aircraft,Falcon 50 (VIP),0
2002,aircraft,Falcon 50M,0
2002,aircraft,Falcon 50MER,0
2002,aircraft,Falcon 50MS,0
2002,aircraft,Falcon 7X,0
2002,aircraft,Falcon 900,2
2002,aircraft,Falcon 900 (VIP),0
2002,aircraft,Jaguar E,6
2002,aircraft,KC-135,6
2002,aircraft,KC-135 Stratotanker,0
2002,aircraft,M-2000B Mirage,0
2002,aircraft,MS-880 Rallye,7
2002,aircraft,Mirage 2000-5,0
2002,aircraft,Mirage 2000B,0
2002,aircraft,Mirage 2000C,0
2002,aircraft,Mirage F-1B,11
2002,aircraft,Mirage F-1C,26
2002,aircraft,Mirage F1-CR,43
2002,aircraft,Mirage IV P,5
2002,aircraft,Mirage M-2000-5F,30
2002,aircraft,Mirage M-2000B,26
2002,aircraft,Mirage M-2000C,49
2002,aircraft,Mirage M-2000N,64
2002,aircraft,Mirage MIVP,5
2002,aircraft,Mystere 20,6
2002,aircraft,N-262,19
2002,aircraft,N-262 Fregate,4
2002,aircraft,Nord-262,13
2002,aircraft,PC-6,5
2002,aircraft,Rafale M,8
2002,aircraft,Rafale M F1,0
2002,aircraft,Rafale M F2,0
2002,aircraft,Rafale M F3,0
2002,aircraft,SA-330 Puma,0
2002,aircraft,Super Etendard,28
2002,aircraft,TB-30 Epsilon,92
2002,aircraft,TBM-700,8
2002,aircraft,TMB-700,17
2002,aircraft,Transall C-160NG,0
2002,amphibious,Batral,0
2002,amphibious,Champlain,5
2002,amphibious,Foudre,2
2002,amphibious,Mistral,0
2002,amphibious,Ouragan,2
2002,amphibious,NA,20
2002,anti-tank and anti-infrastructure,APILAS,9690
2002,anti-tank and anti-infrastructure,AT-4,0
2002,anti-tank and anti-infrastructure,NA,9850
2002,armoured fighting vehicles,AMX-10P/PC,384
2002,armoured fighting vehicles,AMX-10RC,317
2002,armoured fighting vehicles,AMX-30,0
2002,armoured fighting vehicles,AMX-30B2,471
2002,armoured fighting vehicles,ERC-90F4 Sagaie,187
2002,armoured fighting vehicles,Leclerc,315
2002,armoured fighting vehicles,VAB,3700
2002,armoured fighting vehicles,VBL M-11,1176
2002,artillery,53T2,328
2002,artillery,AU-F-1,273
2002,artillery,MLRS,61
2002,artillery,RT-Fl,363
2002,artillery,TR-F-1,97
2002,artillery,NA,0
2002,helicopters,(tpt/VIP),0
2002,helicopters,AS 365F Dauphin,3
2002,helicopters,AS-332 Super Puma,7
2002,helicopters,AS-355 Ecureuil,4
2002,helicopters,AS-365 Dauphin 2,0
2002,helicopters,AS-532,21
2002,helicopters,AS-532 Cougar,3
2002,helicopters,AS-532 Cougar (tpt/VIP),0
2002,helicopters,AS-532 Horizon,4
2002,helicopters,AS-555,0
2002,helicopters,AS-555 Fennec,43
2002,helicopters,AS-565MA,13
2002,helicopters,AS332 Super Puma,0
2002,helicopters,AS332C Super Puma,0
2002,helicopters,AS332L Super Puma,0
2002,helicopters,AS36SN/F/SP Dauphin 2,0
2002,helicopters,AS36SN3,0
2002,helicopters,AS532UL Cougar (tpt/VIP),0
2002,helicopters,AS555 Fennec,0
2002,helicopters,ASS6SSA Panther,0
2002,helicopters,EC 725 Cougar MKII,0
2002,helicopters,EC22S Super Puma,0
2002,helicopters,EC725 Caracal,0
2002,helicopters,SA-319,0
2002,helicopters,SA-319 Alouette III,3
2002,helicopters,SA-321 Super Frelon,6
2002,helicopters,SA-330 Puma,130
2002,helicopters,SA-341F,109
2002,helicopters,SA-342AATCP,27
2002,helicopters,SA-342M Gazelle,156
2002,helicopters,SA-365,4
2002,helicopters,SA319B Alouette III,21
2002,helicopters,SA330B Puma,0
2002,logistics and support,AT/F,4
2002,logistics and support,Durance,4
2002,logistics and support,Glycine,2
2002,logistics and support,Jules Verne,1
2002,logistics and support,NA,13
2002,mine warfare,Antares,3
2002,mine warfare,Eridan,13
2002,mine warfare,Loire,1
2002,mine warfare,Vulcain,14
2002,mine warfare,NA,0
2002,patrol and coastal combatants,Albatros,2
2002,patrol and coastal combatants,Albatros (Public Service Force),0
2002,patrol and coastal combatants,Arago,0
2002,patrol and coastal combatants,Athos,2
2002,patrol and coastal combatants,Flamant,6
2002,patrol and coastal combatants,Grebe,2
2002,patrol and coastal combatants,L'Audacieuse,10
2002,patrol and coastal combatants,Leopard (Instruction),8
2002,patrol and coastal combatants,Patra,2
2002,patrol and coastal combatants,Stellis,2
2002,patrol and coastal combatants,Stene,1
2002,patrol and coastal combatants,Sterne,1
2002,patrol and coastal combatants,NA,5
2002,principal surface combatants,Cassard,2
2002,principal surface combatants,Charles de Gaulle,1
2002,principal surface combatants,D'Estienne d'Orves,10
2002,principal surface combatants,Floreal,6
2002,principal surface combatants,Georges Leygues,7
2002,principal surface combatants,Jeanne d'Arc,1
2002,principal surface combatants,La Fayette,5
2002,principal surface combatants,Suffren,1
2002,principal surface combatants,Tourville,2
2002,radars,RASIT,0
2002,radars,STRIDA,0
2002,radars,STRIDA II,0
2002,submarines,L'Inflexible,2
2002,submarines,Le Triomphant,2
2002,submarines,Rubis,6
2002,surface-to-surface missile launchers,ASPIC,0
2002,surface-to-surface missile launchers,Crotale,0
2002,surface-to-surface missile launchers,HAWK,26
2002,surface-to-surface missile launchers,Mistral,331
2002,surface-to-surface missile launchers,Roland II / Roland I,98
2002,surface-to-surface missile launchers,SATCP,0
2002,unmanned aerial vehicles,CL289 (AN/USD502),8
2002,unmanned aerial vehicles,Hunter,4
2003,air-launched missiles,AASM,0
2003,air-launched missiles,AM-39 Exocet,0
2003,air-launched missiles,AS 30 Laser,0
2003,air-launched missiles,AS-30 Laser,0
2003,air-launched missiles,AS-30/-30L,0
2003,air-launched missiles,ASMP,0
2003,air-launched missiles,ASMP-A,0
2003,air-launched missiles,Apache,0
2003,air-launched missiles,MICA,0
2003,air-launched missiles,Magic II,0
2003,air-launched missiles,Mica,0
2003,air-launched missiles,Mica IR,0
2003,air-launched missiles,Mica RF,0
2003,air-launched missiles,R-550 Magic,0
2003,air-launched missiles,R-550 Magic 2,0
2003,air-launched missiles,SCALP,0
2003,air-launched missiles,Super 530D,0
2003,aircraft,A 310-300,3
2003,aircraft,A-319,0
2003,aircraft,A-319 (VIP),0
2003,aircraft,A310-300,0
2003,aircraft,A319,2
2003,aircraft,A330,0
2003,aircraft,A340-200,0
2003,aircraft,A400M Atlas,0
2003,aircraft,Alpha Jet,118
2003,aircraft,Atlantique 2,14
2003,aircraft,C-130-H,5
2003,aircraft,C-130-H-30,9
2003,aircraft,C-130H Hercules,0
2003,aircraft,C-130H-30 Hercules,0
2003,aircraft,C-135FR,22
2003,aircraft,C-160,66
2003,aircraft,C-160 ELINT/ESM,0
2003,aircraft,C-160 Transall,0
2003,aircraft,C-160NG,0
2003,aircraft,C-160R Transall,0
2003,aircraft,CAP 10,7
2003,aircraft,CAP 10B/CAP 231/CAP 232,10
2003,aircraft,CN-235,0
2003,aircraft,CN-235M,20
2003,aircraft,CN-235M-100,0
2003,aircraft,CN-235M-300,0
2003,aircraft,Cessna Caravan II,2
2003,aircraft,DC-8 ELINT,0
2003,aircraft,DC-8 Sarigue,1
2003,aircraft,DC-8F,2
2003,aircraft,DHC-6,6
2003,aircraft,DHC-6 Twin Otter,0
2003,aircraft,DHC-6-300 Twin Otter,0
2003,aircraft,E-2C Hawkeye,2
2003,aircraft,E-3F,4
2003,aircraft,E-3F Sentry,4
2003,aircraft,EMB-121 Xingu,40
2003,aircraft,EMB-121Xingu,0
2003,aircraft,EMB-312 Tucano,48
2003,aircraft,F1-B Mirage,0
2003,aircraft,F1-C Mirage,0
2003,aircraft,F1CR Mirage,0
2003,aircraft,Falcon 10MER,5
2003,aircraft,Falcon 20,7
2003,aircraft,Falcon 200 Gardian,5
2003,aircraft,Falcon 2000,0
2003,aircraft,Falcon 20H Gardian,0
2003,aircraft,Falcon 50,4
2003,aircraft,Falcon 50 (VIP),0
2003,aircraft,Falcon 50M,0
2003,aircraft,Falcon 50MER,5
2003,aircraft,Falcon 50MS,0
2003,aircraft,Falcon 7X,0
2003,aircraft,Falcon 900,2
2003,aircraft,Falcon 900 (VIP),0
2003,aircraft,KC-135,6
2003,aircraft,KC-135 Stratotanker,0
2003,aircraft,M-2000B Mirage,0
2003,aircraft,MS-880 Rallye,7
2003,aircraft,Mirage 2000-5,0
2003,aircraft,Mirage 2000B,0
2003,aircraft,Mirage 2000C,0
2003,aircraft,Mirage F-1B,11
2003,aircraft,Mirage F1-CR,43
2003,aircraft,Mirage IV P,5
2003,aircraft,Mirage M-2000-5F,32
2003,aircraft,Mirage M-2000B,28
2003,aircraft,Mirage M-2000C,65
2003,aircraft,Mirage M-2000N,61
2003,aircraft,Mirage MIVP,5
2003,aircraft,Mystere 20,3
2003,aircraft,N-262,10
2003,aircraft,N-262 Fregate,4
2003,aircraft,Nord-262,13
2003,aircraft,PC-6,5
2003,aircraft,Rafale M,10
2003,aircraft,Rafale M F1,0
2003,aircraft,Rafale M F2,0
2003,aircraft,Rafale M F3,0
2003,aircraft,Super Etendard,28
2003,aircraft,TB-30 Epsilon,92
2003,aircraft,TBM-700,8
2003,aircraft,TMB-700,19
2003,aircraft,Transall C-160NG,0
2003,amphibious,Batral,0
2003,amphibious,Champlain,5
2003,amphibious,Foudre,2
2003,amphibious,Mistral,0
2003,amphibious,Ouragan,2
2003,amphibious,NA,20
2003,anti-tank and anti-infrastructure,APILAS,9690
2003,anti-tank and anti-infrastructure,AT-4,0
2003,anti-tank and anti-infrastructure,NA,9850
2003,armoured fighting vehicles,AMX-10P/PC,384
2003,armoured fighting vehicles,AMX-10RC,317
2003,armoured fighting vehicles,AMX-30,0
2003,armoured fighting vehicles,AMX-30B2,244
2003,armoured fighting vehicles,ERC-90F4 Sagaie,187
2003,armoured fighting vehicles,Leclerc,370
2003,armoured fighting vehicles,VAB,3700
2003,armoured fighting vehicles,VBL M-11,1442
2003,artillery,53T2,328
2003,artillery,AU-F-1,273
2003,artillery,MLRS,61
2003,artillery,RT-Fl,363
2003,artillery,TR-F-1,97
2003,artillery,NA,0
2003,helicopters,(tpt/VIP),0
2003,helicopters,AS 365F Dauphin,6
2003,helicopters,AS-332 Super Puma,7
2003,helicopters,AS-355 Ecureuil,4
2003,helicopters,AS-365 Dauphin 2,0
2003,helicopters,AS-532,21
2003,helicopters,AS-532 Cougar,3
2003,helicopters,AS-532 Cougar (tpt/VIP),0
2003,helicopters,AS-532 Horizon,4
2003,helicopters,AS-555,0
2003,helicopters,AS-555 Fennec,41
2003,helicopters,AS-565MA,9
2003,helicopters,AS332 Super Puma,0
2003,helicopters,AS332C Super Puma,0
2003,helicopters,AS332L Super Puma,0
2003,helicopters,AS36SN/F/SP Dauphin 2,0
2003,helicopters,AS36SN3,0
2003,helicopters,AS532UL Cougar (tpt/VIP),0
2003,helicopters,AS555 Fennec,0
2003,helicopters,ASS6SSA Panther,0
2003,helicopters,EC 725 Cougar MKII,0
2003,helicopters,EC22S Super Puma,0
2003,helicopters,EC725 Caracal,0
2003,helicopters,SA-319,0
2003,helicopters,SA-321 Super Frelon,6
2003,helicopters,SA-330 Puma,129
2003,helicopters,SA-341F,109
2003,helicopters,SA-342AATCP,27
2003,helicopters,SA-342M Gazelle,156
2003,helicopters,SA-365,4
2003,helicopters,SA319B Alouette III,21
2003,helicopters,SA330B Puma,0
2003,logistics and support,AT/F,4
2003,logistics and support,Durance,4
2003,logistics and support,Glycine,2
2003,logistics and support,Jules Verne,1
2003,logistics and support,NA,12
2003,mine warfare,Antares,3
2003,mine warfare,Eridan,13
2003,mine warfare,Loire,1
2003,mine warfare,Vulcain,4
2003,mine warfare,NA,0
2003,patrol and coastal combatants,Albatros,2
2003,patrol and coastal combatants,Albatros (Public Service Force),0
2003,patrol and coastal combatants,Arago,1
2003,patrol and coastal combatants,Athos,2
2003,patrol and coastal combatants,Flamant,6
2003,patrol and coastal combatants,Grebe,2
2003,patrol and coastal combatants,L'Audacieuse,10
2003,patrol and coastal combatants,Leopard (Instruction),8
2003,patrol and coastal combatants,Patra,2
2003,patrol and coastal combatants,Stellis,2
2003,patrol and coastal combatants,Stene,1
2003,patrol and coastal combatants,Sterne,1
2003,patrol and coastal combatants,NA,5
2003,principal surface combatants,Cassard,2
2003,principal surface combatants,Charles de Gaulle,1
2003,principal surface combatants,D'Estienne d'Orves,9
2003,principal surface combatants,Floreal,6
2003,principal surface combatants,Georges Leygues,7
2003,principal surface combatants,Jeanne d'Arc,1
2003,principal surface combatants,La Fayette,5
2003,principal surface combatants,Suffren,1
2003,principal surface combatants,Tourville,2
2003,radars,RASIT,0
2003,radars,STRIDA,0
2003,submarines,L'Inflexible,2
2003,submarines,Le Triomphant,2
2003,submarines,Rubis,6
2003,surface-to-surface missile launchers,ASPIC,0
2003,surface-to-surface missile launchers,Crotale,0
2003,surface-to-surface missile launchers,HAWK,26
2003,surface-to-surface missile launchers,Mistral,331
2003,surface-to-surface missile launchers,Roland II / Roland I,98
2003,surface-to-surface missile launchers,SATCP,0
2003,unmanned aerial vehicles,CL289 (AN/USD502),8
2003,unmanned aerial vehicles,Hunter,4
2004,air-launched missiles,AASM,0
2004,air-launched missiles,AM-39 Exocet,0
2004,air-launched missiles,AS 30 Laser,0
2004,air-launched missiles,AS-30 Laser,0
2004,air-launched missiles,AS-30/-30L,0
2004,air-launched missiles,ASMP,0
2004,air-launched missiles,ASMP-A,0
2004,air-launched missiles,Apache,0
2004,air-launched missiles,MICA,0
2004,air-launched missiles,Magic II,0
2004,air-launched missiles,Mica,0
2004,air-launched missiles,Mica IR,0
2004,air-launched missiles,Mica RF,0
2004,air-launched missiles,R-550 Magic,0
2004,air-launched missiles,R-550 Magic 2,0
2004,air-launched missiles,SCALP,0
2004,air-launched missiles,SCALP EG,0
2004,air-launched missiles,Super 530D,0
2004,aircraft,A 310-300,3
2004,aircraft,A-319,0
2004,aircraft,A-319 (VIP),0
2004,aircraft,A310-300,0
2004,aircraft,A319,2
2004,aircraft,A330,0
2004,aircraft,A340-200,0
2004,aircraft,A400M Atlas,0
2004,aircraft,Alpha Jet,118
2004,aircraft,Atlantique 2,14
2004,aircraft,C-130-H,5
2004,aircraft,C-130-H-30,9
2004,aircraft,C-130H Hercules,0
2004,aircraft,C-130H-30 Hercules,0
2004,aircraft,C-135FR,22
2004,aircraft,C-160,66
2004,aircraft,C-160 ELINT/ESM,0
2004,aircraft,C-160 Transall,0
2004,aircraft,C-160NG,0
2004,aircraft,C-160R Transall,0
2004,aircraft,CAP 10,7
2004,aircraft,CAP 10B/CAP 231/CAP 232,0
2004,aircraft,CN-235,0
2004,aircraft,CN-235M,20
2004,aircraft,CN-235M-100,0
2004,aircraft,CN-235M-300,0
2004,aircraft,Cessna Caravan II,2
2004,aircraft,DC-8 ELINT,0
2004,aircraft,DC-8 Sarigue,1
2004,aircraft,DC-8F,2
2004,aircraft,DHC-6,6
2004,aircraft,DHC-6 Twin Otter,0
2004,aircraft,DHC-6-300 Twin Otter,0
2004,aircraft,E-2C Hawkeye,2
2004,aircraft,E-3F,4
2004,aircraft,E-3F Sentry,4
2004,aircraft,EMB-121 Xingu,39
2004,aircraft,EMB-121Xingu,0
2004,aircraft,EMB-312 Tucano,48
2004,aircraft,F1-B Mirage,0
2004,aircraft,F1-C Mirage,0
2004,aircraft,F1CR Mirage,0
2004,aircraft,Falcon 10MER,0
2004,aircraft,Falcon 20,7
2004,aircraft,Falcon 200 Gardian,5
2004,aircraft,Falcon 2000,0
2004,aircraft,Falcon 20H Gardian,0
2004,aircraft,Falcon 50,4
2004,aircraft,Falcon 50 (VIP),0
2004,aircraft,Falcon 50M,0
2004,aircraft,Falcon 50MER,3
2004,aircraft,Falcon 50MS,0
2004,aircraft,Falcon 7X,0
2004,aircraft,Falcon 900,2
2004,aircraft,Falcon 900 (VIP),0
2004,aircraft,KC-135,6
2004,aircraft,KC-135 Stratotanker,0
2004,aircraft,M-2000B Mirage,0
2004,aircraft,MS-880 Rallye,7
2004,aircraft,Mirage 2000-5,0
2004,aircraft,Mirage 2000B,0
2004,aircraft,Mirage 2000C,0
2004,aircraft,Mirage F-1B,11
2004,aircraft,Mirage F1-CR,43
2004,aircraft,Mirage IV P,5
2004,aircraft,Mirage M-2000-5F,32
2004,aircraft,Mirage M-2000B,28
2004,aircraft,Mirage M-2000C,65
2004,aircraft,Mirage M-2000N,61
2004,aircraft,Mirage MIVP,5
2004,aircraft,Mystere 20,3
2004,aircraft,N-262,10
2004,aircraft,N-262 Fregate,4
2004,aircraft,Nord-262,13
2004,aircraft,PC-6,5
2004,aircraft,Rafale M,10
2004,aircraft,Rafale M F1,0
2004,aircraft,Rafale M F2,0
2004,aircraft,Rafale M F3,0
2004,aircraft,Super Etendard,28
2004,aircraft,TB-30 Epsilon,92
2004,aircraft,TBM-700,8
2004,aircraft,TMB-700,19
2004,aircraft,Transall C-160NG,0
2004,amphibious,Batral,0
2004,amphibious,Champlain,5
2004,amphibious,Foudre,2
2004,amphibious,Mistral,0
2004,amphibious,Ouragan,2
2004,amphibious,NA,20
2004,anti-tank and anti-infrastructure,APILAS,9690
2004,anti-tank and anti-infrastructure,AT-4,0
2004,anti-tank and anti-infrastructure,NA,9850
2004,armoured fighting vehicles,AMX-10P/PC,384
2004,armoured fighting vehicles,AMX-10RC,317
2004,armoured fighting vehicles,AMX-30,0
2004,armoured fighting vehicles,AMX-30B2,244
2004,armoured fighting vehicles,ERC-90F4 Sagaie,187
2004,armoured fighting vehicles,Leclerc,370
2004,armoured fighting vehicles,VAB,3700
2004,armoured fighting vehicles,VBL M-11,1442
2004,artillery,53T2,328
2004,artillery,AU-F-1,255
2004,artillery,AU-F-1TA,18
2004,artillery,CAESAR,5
2004,artillery,MLRS,61
2004,artillery,RT-Fl,363
2004,artillery,TR-F-1,97
2004,artillery,NA,0
2004,helicopters,(tpt/VIP),0
2004,helicopters,AS-332 Super Puma,7
2004,helicopters,AS-355 Ecureuil,4
2004,helicopters,AS-365 Dauphin 2,0
2004,helicopters,AS-532,21
2004,helicopters,AS-532 Cougar,3
2004,helicopters,AS-532 Cougar (tpt/VIP),0
2004,helicopters,AS-532 Horizon,4
2004,helicopters,AS-555,0
2004,helicopters,AS-555 Fennec,34
2004,helicopters,AS-565MA,9
2004,helicopters,AS332 Super Puma,0
2004,helicopters,AS332C Super Puma,0
2004,helicopters,AS332L Super Puma,0
2004,helicopters,AS36SN/F/SP Dauphin 2,0
2004,helicopters,AS36SN3,0
2004,helicopters,AS532UL Cougar (tpt/VIP),0
2004,helicopters,AS555 Fennec,0
2004,helicopters,ASS6SSA Panther,0
2004,helicopters,EC 725 Cougar MKII,0
2004,helicopters,EC22S Super Puma,0
2004,helicopters,EC725 Caracal,0
2004,helicopters,SA-319,0
2004,helicopters,SA-321 Super Frelon,6
2004,helicopters,SA-330 Puma,129
2004,helicopters,SA-341F,109
2004,helicopters,SA-342AATCP,27
2004,helicopters,SA-342M Gazelle,156
2004,helicopters,SA-365,4
2004,helicopters,SA319B Alouette III,21
2004,helicopters,SA330B Puma,0
2004,logistics and support,AT/F,4
2004,logistics and support,Durance,4
2004,logistics and support,Glycine,2
2004,logistics and support,Jules Verne,1
2004,logistics and support,NA,12
2004,mine warfare,Antares,3
2004,mine warfare,Eridan,13
2004,mine warfare,Loire,1
2004,mine warfare,Vulcain,4
2004,mine warfare,NA,0
2004,patrol and coastal combatants,Albatros,2
2004,patrol and coastal combatants,Albatros (Public Service Force),0
2004,patrol and coastal combatants,Arago,1
2004,patrol and coastal combatants,Athos,2
2004,patrol and coastal combatants,Flamant,6
2004,patrol and coastal combatants,Grebe,2
2004,patrol and coastal combatants,L'Audacieuse,10
2004,patrol and coastal combatants,Leopard (Instruction),8
2004,patrol and coastal combatants,Patra,2
2004,patrol and coastal combatants,Stellis,2
2004,patrol and coastal combatants,Stene,1
2004,patrol and coastal combatants,Sterne,1
2004,patrol and coastal combatants,NA,5
2004,principal surface combatants,Cassard,2
2004,principal surface combatants,Charles de Gaulle,1
2004,principal surface combatants,D'Estienne d'Orves,9
2004,principal surface combatants,Floreal,6
2004,principal surface combatants,Georges Leygues,7
2004,principal surface combatants,Jeanne d'Arc,1
2004,principal surface combatants,La Fayette,5
2004,principal surface combatants,Suffren,1
2004,principal surface combatants,Tourville,2
2004,radars,Cobra,0
2004,radars,RASIT,0
2004,radars,RASIT/RATAC,0
2004,radars,RATAC,0
2004,radars,STRIDA,0
2004,submarines,L'Inflexible,2
2004,submarines,Le Triomphant,2
2004,submarines,Rubis,6
2004,surface-to-surface missile launchers,ASPIC,0
2004,surface-to-surface missile launchers,Crotale,0
2004,surface-to-surface missile launchers,HAWK,26
2004,surface-to-surface missile launchers,Mistral,331
2004,surface-to-surface missile launchers,Roland II / Roland I,98
2004,surface-to-surface missile launchers,SATCP,0
2004,unmanned aerial vehicles,CL-289,0
2004,unmanned aerial vehicles,CL289 (AN/USD502),8
2004,unmanned aerial vehicles,Eagle I,0
2004,unmanned aerial vehicles,Hunter,4
2004,unmanned aerial vehicles,SDTI,0
2004,unmanned aerial vehicles,Sperwer,0
2005,air-launched missiles,AASM,0
2005,air-launched missiles,AM-39 Exocet,0
2005,air-launched missiles,AS 30 Laser,0
2005,air-launched missiles,AS-30 Laser,0
2005,air-launched missiles,ASMP,0
2005,air-launched missiles,ASMP-A,0
2005,air-launched missiles,Apache,0
2005,air-launched missiles,MICA,0
2005,air-launched missiles,Mica IR,0
2005,air-launched missiles,Mica RF,0
2005,air-launched missiles,R-550 Magic,0
2005,air-launched missiles,R-550 Magic 2,0
2005,air-launched missiles,SCALP,0
2005,air-launched missiles,SCALP EG,0
2005,air-launched missiles,Storm Shadow,0
2005,air-launched missiles,Super 530D,0
2005,aircraft,A-319 (VIP),2
2005,aircraft,A310-300,3
2005,aircraft,A319,0
2005,aircraft,A330,0
2005,aircraft,A340-200,0
2005,aircraft,A400M Atlas,0
2005,aircraft,Alpha Jet,113
2005,aircraft,Atlantique 2,16
2005,aircraft,C-130H Hercules,5
2005,aircraft,C-130H-30 Hercules,9
2005,aircraft,C-135FR,22
2005,aircraft,C-160 Transall,100
2005,aircraft,C-160G Gabriel (ESM),0
2005,aircraft,C-160R Transall,0
2005,aircraft,CAP 10,7
2005,aircraft,CAP 10B/CAP 231/CAP 232,11
2005,aircraft,CN-235M,20
2005,aircraft,CN-235M-100,0
2005,aircraft,CN-235M-300,0
2005,aircraft,DHC-6 Twin Otter,6
2005,aircraft,DHC-6-300 Twin Otter,0
2005,aircraft,E-2C Hawkeye,3
2005,aircraft,E-3F Sentry,4
2005,aircraft,EMB-121 Xingu,39
2005,aircraft,EMB-121Xingu,0
2005,aircraft,EMB-312 Tucano,47
2005,aircraft,F-1CT Mirage,43
2005,aircraft,F1-B Mirage,10
2005,aircraft,F1CR Mirage,43
2005,aircraft,F406 Caravan II,2
2005,aircraft,Falcon 10MER,5
2005,aircraft,Falcon 200 Gardian,4
2005,aircraft,Falcon 2000,0
2005,aircraft,Falcon 20H Gardian,0
2005,aircraft,Falcon 50,0
2005,aircraft,Falcon 50 (VIP),4
2005,aircraft,Falcon 50M,4
2005,aircraft,Falcon 50MS,0
2005,aircraft,Falcon 7X,0
2005,aircraft,Falcon 900 (VIP),2
2005,aircraft,KC-135 Stratotanker,6
2005,aircraft,M-2000B Mirage,23
2005,aircraft,MS-880 Rallye,6
2005,aircraft,Mirage 2000-5,0
2005,aircraft,Mirage 2000B,0
2005,aircraft,Mirage 2000C,0
2005,aircraft,Mirage M-2000-5F,32
2005,aircraft,Mystere 20,3
2005,aircraft,N-262 Fregate,17
2005,aircraft,PC-6B Turbo Porter,5
2005,aircraft,Rafale M,10
2005,aircraft,Rafale M F1,0
2005,aircraft,Rafale M F2,0
2005,aircraft,Rafale M F3,0
2005,aircraft,Super Etendard,24
2005,aircraft,TB-30 Epsilon,138
2005,aircraft,TBM-700,25
2005,aircraft,Transall C-160NG,15
2005,amphibious,Batral,0
2005,amphibious,Champlain,5
2005,amphibious,Foudre,2
2005,amphibious,Mistral,1
2005,amphibious,Ouragan,2
2005,amphibious,NA,20
2005,anti-tank and anti-infrastructure,AT-4,0
2005,armoured fighting vehicles,AMX-10P/PC,601
2005,armoured fighting vehicles,AMX-10RC,337
2005,armoured fighting vehicles,AMX-30,614
2005,armoured fighting vehicles,ERC-90F4 Sagaie,192
2005,armoured fighting vehicles,Leclerc,0
2005,armoured fighting vehicles,VAB,0
2005,armoured fighting vehicles,VAB BOA,61
2005,armoured fighting vehicles,VAB Eryx,172
2005,armoured fighting vehicles,VAB HOT,134
2005,armoured fighting vehicles,VAB Milan,113
2005,armoured fighting vehicles,VAB NBC,27
2005,armoured fighting vehicles,VBL M-11,1280
2005,armoured fighting vehicles,leclerc,312
2005,artillery,AU-F-1,261
2005,artillery,CAESAR,5
2005,artillery,MIM-23B I-HAWK,26
2005,artillery,MLRS,44
2005,artillery,RT-Fl,361
2005,artillery,TR-F-1,105
2005,artillery,NA,0
2005,helicopters,(tpt/VIP),3
2005,helicopters,AS-332 Super Puma,7
2005,helicopters,AS-355 Ecureuil,6
2005,helicopters,AS-365 Dauphin 2,9
2005,helicopters,AS-532 Cougar,24
2005,helicopters,AS-532 Cougar (tpt/VIP),0
2005,helicopters,AS-532 Horizon,4
2005,helicopters,AS-555 Fennec,42
2005,helicopters,AS-665 Tiger,4
2005,helicopters,AS332 Super Puma,0
2005,helicopters,AS332C Super Puma,0
2005,helicopters,AS332L Super Puma,0
2005,helicopters,AS365 Dauphin 2,4
2005,helicopters,AS36SN/F/SP Dauphin 2,0
2005,helicopters,AS36SN3,0
2005,helicopters,AS532UL Cougar (tpt/VIP),0
2005,helicopters,AS555 Fennec,0
2005,helicopters,ASS6SSA Panther,0
2005,helicopters,EC 725 Cougar MKII,6
2005,helicopters,EC22S Super Puma,0
2005,helicopters,EC725 Caracal,0
2005,helicopters,SA-321 Super Frelon,7
2005,helicopters,SA-330 Puma,135
2005,helicopters,SA-342M Gazelle,276
2005,helicopters,SA319B Alouette III,0
2005,helicopters,SA330B Puma,0
2005,logistics and support,Durance,4
2005,logistics and support,Glycine,2
2005,logistics and support,Jules Verne,1
2005,logistics and support,NA,12
2005,mine warfare,Antares,3
2005,mine warfare,Eridan,13
2005,mine warfare,Loire,1
2005,mine warfare,Vulcain,4
2005,patrol and coastal combatants,Albatros,1
2005,patrol and coastal combatants,Albatros (Public Service Force),1
2005,patrol and coastal combatants,Arago,1
2005,patrol and coastal combatants,Athos,0
2005,patrol and coastal combatants,Flamant,6
2005,patrol and coastal combatants,Grebe,1
2005,patrol and coastal combatants,L'Audacieuse,10
2005,patrol and coastal combatants,Leopard (Instruction),8
2005,patrol and coastal combatants,Patra,0
2005,patrol and coastal combatants,Stellis,0
2005,patrol and coastal combatants,Stene,1
2005,patrol and coastal combatants,Sterne,1
2005,principal surface combatants,Cassard,2
2005,principal surface combatants,Charles de Gaulle,1
2005,principal surface combatants,D'Estienne d'Orves,9
2005,principal surface combatants,Floreal,6
2005,principal surface combatants,Georges Leygues,7
2005,principal surface combatants,Jeanne d'Arc,1
2005,principal surface combatants,La Fayette,5
2005,principal surface combatants,Suffren,1
2005,principal surface combatants,Tourville,2
2005,radars,Cobra,1
2005,radars,RASIT,28
2005,radars,RASIT/RATAC,0
2005,radars,RATAC,46
2005,radars,STRIDA,0
2005,submarines,Exocet,39
2005,submarines,L'Inflexible,2
2005,submarines,Le Triomphant,6
2005,submarines,Rubis,6
2005,surface-to-surface missile launchers,ASPIC,0
2005,surface-to-surface missile launchers,Crotale,0
2005,surface-to-surface missile launchers,Mistral,331
2005,surface-to-surface missile launchers,Roland II / Roland I,98
2005,surface-to-surface missile launchers,SATCP,0
2005,unmanned aerial vehicles,CL-289,50
2005,unmanned aerial vehicles,CL289 (AN/USD502),0
2005,unmanned aerial vehicles,Eagle I,0
2005,unmanned aerial vehicles,SDTI,18
2005,unmanned aerial vehicles,Sperwer,0
2006,air-launched missiles,AASM,0
2006,air-launched missiles,AM-39 Exocet,0
2006,air-launched missiles,AS 30 Laser,0
2006,air-launched missiles,AS-30 Laser,0
2006,air-launched missiles,AS-30L,0
2006,air-launched missiles,ASMP,0
2006,air-launched missiles,ASMP-A,0
2006,air-launched missiles,Apache,0
2006,air-launched missiles,MICA,0
2006,air-launched missiles,Mica IR,0
2006,air-launched missiles,Mica RF,0
2006,air-launched missiles,R-550 Magic,0
2006,air-launched missiles,R-550 Magic 2,0
2006,air-launched missiles,SCALP,0
2006,air-launched missiles,SCALP EG,0
2006,air-launched missiles,Storm Shadow,0
2006,air-launched missiles,Super 530D,0
2006,aircraft,A-319 (VIP),2
2006,aircraft,A310-300,3
2006,aircraft,A319,0
2006,aircraft,A330,0
2006,aircraft,A340-200,2
2006,aircraft,A400M Atlas,0
2006,aircraft,Alpha Jet,113
2006,aircraft,Atlantique 2,28
2006,aircraft,C-130H Hercules,5
2006,aircraft,C-130H-30 Hercules,9
2006,aircraft,C-135FR,11
2006,aircraft,C-160 Transall,50
2006,aircraft,C-160G Gabriel (ESM),2
2006,aircraft,C-160R Transall,0
2006,aircraft,CAP 10,7
2006,aircraft,CAP 10B/CAP 231/CAP 232,11
2006,aircraft,CN-235M,20
2006,aircraft,CN-235M-100,0
2006,aircraft,CN-235M-300,0
2006,aircraft,DHC-6 Twin Otter,6
2006,aircraft,DHC-6-300 Twin Otter,0
2006,aircraft,E-2C Hawkeye,3
2006,aircraft,E-3F Sentry,4
2006,aircraft,EMB-121 Xingu,39
2006,aircraft,EMB-121Xingu,0
2006,aircraft,EMB-312 Tucano,47
2006,aircraft,F1-B Mirage,10
2006,aircraft,F1CR Mirage,43
2006,aircraft,F406 Caravan II,2
2006,aircraft,Falcon 10MER,5
2006,aircraft,Falcon 200 Gardian,5
2006,aircraft,Falcon 2000,0
2006,aircraft,Falcon 20H Gardian,0
2006,aircraft,Falcon 50,0
2006,aircraft,Falcon 50 (VIP),4
2006,aircraft,Falcon 50M,4
2006,aircraft,Falcon 50MS,0
2006,aircraft,Falcon 7X,0
2006,aircraft,Falcon 900 (VIP),2
2006,aircraft,KC-135 Stratotanker,3
2006,aircraft,M-2000B Mirage,23
2006,aircraft,MS-880 Rallye,6
2006,aircraft,Mirage 2000-5,32
2006,aircraft,Mirage 2000B,0
2006,aircraft,Mirage 2000C,65
2006,aircraft,Mystere 20,5
2006,aircraft,N-262 Fregate,17
2006,aircraft,PC-6B Turbo Porter,5
2006,aircraft,Rafale F1B,15
2006,aircraft,Rafale F1C,5
2006,aircraft,Rafale M,16
2006,aircraft,Rafale M F1,0
2006,aircraft,Rafale M F2,0
2006,aircraft,Rafale M F3,0
2006,aircraft,Super Etendard,24
2006,aircraft,TB-30 Epsilon,138
2006,aircraft,TBM-700,25
2006,aircraft,Transall C-160NG,15
2006,amphibious,Batral,4
2006,amphibious,Foudre,2
2006,amphibious,Mistral,2
2006,amphibious,Ouragan,1
2006,amphibious,NA,19
2006,anti-tank and anti-infrastructure,AT-4,0
2006,armoured fighting vehicles,AMX-10P/PC,601
2006,armoured fighting vehicles,AMX-10RC,337
2006,armoured fighting vehicles,AMX-30,614
2006,armoured fighting vehicles,ERC-90F4 Sagaie,192
2006,armoured fighting vehicles,Leclerc,0
2006,armoured fighting vehicles,VAB,0
2006,armoured fighting vehicles,VAB BOA,61
2006,armoured fighting vehicles,VAB Eryx,172
2006,armoured fighting vehicles,VAB HOT,134
2006,armoured fighting vehicles,VAB Milan,113
2006,armoured fighting vehicles,VAB NBC,27
2006,armoured fighting vehicles,VBL M-11,1280
2006,armoured fighting vehicles,leclerc,312
2006,artillery,20mm,0
2006,artillery,76T2,0
2006,artillery,AU-F-1,261
2006,artillery,CAESAR,5
2006,artillery,MIM-23B I-HAWK,26
2006,artillery,MLRS,55
2006,artillery,RT-Fl,361
2006,artillery,TR-F-1,105
2006,artillery,NA,0
2006,helicopters,(tpt/VIP),3
2006,helicopters,AS-332 Super Puma,7
2006,helicopters,AS-355 Ecureuil,6
2006,helicopters,AS-365 Dauphin 2,9
2006,helicopters,AS-532 Cougar,24
2006,helicopters,AS-532 Cougar (tpt/VIP),0
2006,helicopters,AS-532 Horizon,4
2006,helicopters,AS-555 Fennec,42
2006,helicopters,AS-665 Tiger,2
2006,helicopters,AS332 Super Puma,0
2006,helicopters,AS332C Super Puma,0
2006,helicopters,AS332L Super Puma,0
2006,helicopters,AS365 Dauphin 2,4
2006,helicopters,AS36SN/F/SP Dauphin 2,0
2006,helicopters,AS36SN3,0
2006,helicopters,AS532UL Cougar (tpt/VIP),0
2006,helicopters,AS555 Fennec,0
2006,helicopters,ASS6SSA Panther,0
2006,helicopters,EC 725 Cougar MKII,6
2006,helicopters,EC120 Colibri,5
2006,helicopters,EC22S Super Puma,0
2006,helicopters,EC725 Caracal,0
2006,helicopters,SA-321 Super Frelon,5
2006,helicopters,SA-330 Puma,135
2006,helicopters,SA-342M Gazelle,276
2006,helicopters,SA319B Alouette III,0
2006,helicopters,SA330B Puma,0
2006,logistics and support,Durance,4
2006,logistics and support,Glycine,2
2006,logistics and support,Jules Verne,1
2006,logistics and support,NA,12
2006,mine warfare,Antares,3
2006,mine warfare,Eridan,13
2006,mine warfare,Loire,1
2006,mine warfare,Vulcain,4
2006,patrol and coastal combatants,Albatros,1
2006,patrol and coastal combatants,Albatros (Public Service Force),1
2006,patrol and coastal combatants,Arago,1
2006,patrol and coastal combatants,Athos,0
2006,patrol and coastal combatants,Flamant,6
2006,patrol and coastal combatants,Grebe,1
2006,patrol and coastal combatants,L'Audacieuse,10
2006,patrol and coastal combatants,Leopard (Instruction),8
2006,patrol and coastal combatants,Patra,0
2006,patrol and coastal combatants,Stellis,0
2006,patrol and coastal combatants,Stene,1
2006,patrol and coastal combatants,Sterne,1
2006,principal surface combatants,Cassard,2
2006,principal surface combatants,Charles de Gaulle,1
2006,principal surface combatants,D'Estienne d'Orves,9
2006,principal surface combatants,Floreal,6
2006,principal surface combatants,Forbin,1
2006,principal surface combatants,Georges Leygues,7
2006,principal surface combatants,Jeanne d'Arc,1
2006,principal surface combatants,La Fayette,5
2006,principal surface combatants,Suffren,1
2006,principal surface combatants,Tourville,2
2006,radars,Cobra,10
2006,radars,Helios,0
2006,radars,Helios-2A (Creil),0
2006,radars,RASIT,28
2006,radars,RASIT/RATAC,0
2006,radars,RATAC,46
2006,radars,STRIDA,0
2006,radars,NA,0
2006,submarines,Exocet,39
2006,submarines,L'Inflexible,2
2006,submarines,Le Triomphant,6
2006,submarines,Rubis,6
2006,surface-to-surface missile launchers,ASPIC,0
2006,surface-to-surface missile launchers,Crotale,0
2006,surface-to-surface missile launchers,Crotale 3000,0
2006,surface-to-surface missile launchers,Crotale NG,0
2006,surface-to-surface missile launchers,Mistral,331
2006,surface-to-surface missile launchers,Roland II / Roland I,98
2006,surface-to-surface missile launchers,SAMP/T,0
2006,surface-to-surface missile launchers,SATCP,0
2006,unmanned aerial vehicles,CL-289,50
2006,unmanned aerial vehicles,CL289 (AN/USD502),0
2006,unmanned aerial vehicles,Eagle I,0
2006,unmanned aerial vehicles,SDTI,18
2006,unmanned aerial vehicles,Sperwer,0
2007,air-launched missiles,AASM,0
2007,air-launched missiles,AM-39 Exocet,0
2007,air-launched missiles,AS 30 Laser,0
2007,air-launched missiles,AS-30 Laser,0
2007,air-launched missiles,AS-30L,0
2007,air-launched missiles,ASMP,0
2007,air-launched missiles,ASMP-A,0
2007,air-launched missiles,Apache,0
2007,air-launched missiles,MICA,0
2007,air-launched missiles,Mica IR,0
2007,air-launched missiles,Mica RF,0
2007,air-launched missiles,R-550 Magic,0
2007,air-launched missiles,R-550 Magic 2,0
2007,air-launched missiles,SCALP,0
2007,air-launched missiles,SCALP EG,0
2007,air-launched missiles,Storm Shadow,0
2007,air-launched missiles,Super 530D,0
2007,aircraft,A-319 (VIP),2
2007,aircraft,A310-300,3
2007,aircraft,A319,0
2007,aircraft,A330,0
2007,aircraft,A340-200,2
2007,aircraft,A400M Atlas,0
2007,aircraft,Alpha Jet,113
2007,aircraft,Atlantique 2,28
2007,aircraft,C-130H Hercules,5
2007,aircraft,C-130H-30 Hercules,9
2007,aircraft,C-135FR,11
2007,aircraft,C-160 Transall,50
2007,aircraft,C-160G Gabriel (ESM),2
2007,aircraft,C-160R Transall,0
2007,aircraft,CAP 10,7
2007,aircraft,CAP 1B/CAP 231/CAP 232,11
2007,aircraft,CN-235M,20
2007,aircraft,CN-235M-100,0
2007,aircraft,CN-235M-300,0
2007,aircraft,DHC-6 Twin Otter,6
2007,aircraft,DHC-6-300 Twin Otter,0
2007,aircraft,E-2C Hawkeye,3
2007,aircraft,E-3F Sentry,4
2007,aircraft,EMB-121 Xingu,39
2007,aircraft,EMB-121Xingu,0
2007,aircraft,EMB-312 Tucano,47
2007,aircraft,F1-B Mirage,10
2007,aircraft,F1CR Mirage,43
2007,aircraft,F406 Caravan II,2
2007,aircraft,Falcon 10MER,5
2007,aircraft,Falcon 200 Gardian,5
2007,aircraft,Falcon 2000,0
2007,aircraft,Falcon 20H Gardian,0
2007,aircraft,Falcon 50,0
2007,aircraft,Falcon 50 (VIP),4
2007,aircraft,Falcon 50M,4
2007,aircraft,Falcon 50MS,0
2007,aircraft,Falcon 7X,0
2007,aircraft,Falcon 900 (VIP),2
2007,aircraft,KC-135 Stratotanker,3
2007,aircraft,M-2000B Mirage,23
2007,aircraft,MS-880 Rallye,6
2007,aircraft,Mirage 2000-5,32
2007,aircraft,Mirage 2000B,0
2007,aircraft,Mirage 2000C,65
2007,aircraft,Mystere 20,3
2007,aircraft,N-262 Fregate,17
2007,aircraft,PC-6B Turbo Porter,5
2007,aircraft,Rafale F1B,15
2007,aircraft,Rafale F1C,5
2007,aircraft,Rafale M,16
2007,aircraft,Rafale M F1,0
2007,aircraft,Rafale M F2,0
2007,aircraft,Rafale M F3,0
2007,aircraft,Super Etendard,24
2007,aircraft,TB-30 Epsilon,138
2007,aircraft,TBM-700,25
2007,aircraft,Transall C-160NG,15
2007,amphibious,Batral,4
2007,amphibious,Foudre,2
2007,amphibious,Mistral,2
2007,amphibious,Ouragan,1
2007,amphibious,NA,19
2007,anti-tank and anti-infrastructure,AT-4,0
2007,armoured fighting vehicles,AMX-10P/PC,601
2007,armoured fighting vehicles,AMX-10RC,337
2007,armoured fighting vehicles,AMX-30,614
2007,armoured fighting vehicles,ERC-90F4 Sagaie,192
2007,armoured fighting vehicles,Leclerc,312
2007,armoured fighting vehicles,VAB,3906
2007,armoured fighting vehicles,VAB BOA,61
2007,armoured fighting vehicles,VAB Eryx,172
2007,armoured fighting vehicles,VAB HOT,134
2007,armoured fighting vehicles,VAB Milan,113
2007,armoured fighting vehicles,VAB NBC,27
2007,armoured fighting vehicles,VBL M-11,1280
2007,artillery,20mm,0
2007,artillery,76T2,0
2007,artillery,AU-F-1,261
2007,artillery,CAESAR,5
2007,artillery,MIM-23B,26
2007,artillery,MIM-23B I-HAWK,0
2007,artillery,MLRS,55
2007,artillery,RT-Fl,361
2007,artillery,TR-F-1,105
2007,artillery,NA,0
2007,helicopters,(tpt/VIP),3
2007,helicopters,AS-332 Super Puma,7
2007,helicopters,AS-355 Ecureuil,6
2007,helicopters,AS-365 Dauphin 2,9
2007,helicopters,AS-532 Cougar,24
2007,helicopters,AS-532 Cougar (tpt/VIP),0
2007,helicopters,AS-532 Horizon,4
2007,helicopters,AS-555 Fennec,42
2007,helicopters,AS-665 Tiger,2
2007,helicopters,AS332 Super Puma,0
2007,helicopters,AS332C Super Puma,0
2007,helicopters,AS332L Super Puma,0
2007,helicopters,AS365 Dauphin 2,4
2007,helicopters,AS36SN/F/SP Dauphin 2,0
2007,helicopters,AS36SN3,0
2007,helicopters,AS532UL Cougar (tpt/VIP),0
2007,helicopters,AS555 Fennec,0
2007,helicopters,ASS6SSA Panther,0
2007,helicopters,EC 725 Cougar MKII,6
2007,helicopters,EC120 Colibri,5
2007,helicopters,EC22S Super Puma,0
2007,helicopters,EC725 Caracal,0
2007,helicopters,SA-321 Super Frelon,5
2007,helicopters,SA-330 Puma,135
2007,helicopters,SA-342M Gazelle,276
2007,helicopters,SA319B Alouette III,0
2007,helicopters,SA330B Puma,0
2007,logistics and support,Durance,4
2007,logistics and support,Glycine,2
2007,logistics and support,Jules Verne,1
2007,logistics and support,Telenn Mor,0
2007,logistics and support,NA,12
2007,mine warfare,Antares,3
2007,mine warfare,Eridan,13
2007,mine warfare,Loire,1
2007,mine warfare,Vulcain,4
2007,patrol and coastal combatants,Albatros,1
2007,patrol and coastal combatants,Albatros (Public Service Force),1
2007,patrol and coastal combatants,Arago,1
2007,patrol and coastal combatants,Athos,0
2007,patrol and coastal combatants,Flamant,6
2007,patrol and coastal combatants,Grebe,1
2007,patrol and coastal combatants,L'Audacieuse,10
2007,patrol and coastal combatants,Leopard (Instruction),8
2007,patrol and coastal combatants,Patra,0
2007,patrol and coastal combatants,Stellis,0
2007,patrol and coastal combatants,Stene,1
2007,patrol and coastal combatants,Sterne,1
2007,principal surface combatants,Cassard,2
2007,principal surface combatants,Charles de Gaulle,1
2007,principal surface combatants,D'Estienne d'Orves,9
2007,principal surface combatants,Floreal,6
2007,principal surface combatants,Forbin,1
2007,principal surface combatants,Georges Leygues,7
2007,principal surface combatants,Jeanne d'Arc,1
2007,principal surface combatants,La Fayette,5
2007,principal surface combatants,Suffren,1
2007,principal surface combatants,Tourville,2
2007,radars,Cobra,10
2007,radars,Helios,0
2007,radars,Helios (1A/2A/2B),0
2007,radars,Helios-2A (Creil),0
2007,radars,Pleiades,0
2007,radars,RASIT,28
2007,radars,RASIT/RATAC,0
2007,radars,RATAC,46
2007,radars,STRIDA,0
2007,radars,Spirale,0
2007,radars,Syracuse-3,0
2007,radars,NA,0
2007,submarines,L'Inflexible,2
2007,submarines,Le Triomphant,6
2007,submarines,Rubis,6
2007,surface-to-surface missile launchers,ASPIC,0
2007,surface-to-surface missile launchers,Crotale,0
2007,surface-to-surface missile launchers,Crotale 3000,0
2007,surface-to-surface missile launchers,Crotale NG,0
2007,surface-to-surface missile launchers,Mistral,331
2007,surface-to-surface missile launchers,Roland II / Roland I,98
2007,surface-to-surface missile launchers,SAMP/T,0
2007,surface-to-surface missile launchers,SATCP,0
2007,surface-to-surface missile launchers,VAB Milan,1195
2007,unmanned aerial vehicles,CL289 (AN/USD502),50
2007,unmanned aerial vehicles,Eagle I,0
2007,unmanned aerial vehicles,SDTI,18
2007,unmanned aerial vehicles,Sperwer,0
2008,air-launched missiles,AASM,0
2008,air-launched missiles,AM-39 Exocet,0
2008,air-launched missiles,AS 30 Laser,0
2008,air-launched missiles,AS-30 Laser,0
2008,air-launched missiles,AS-30L,0
2008,air-launched missiles,AS-30L HOT,0
2008,air-launched missiles,ASMP,0
2008,air-launched missiles,ASMP-A,0
2008,air-launched missiles,Apache,0
2008,air-launched missiles,MICA,0
2008,air-launched missiles,Mica IR,0
2008,air-launched missiles,Mica RF,0
2008,air-launched missiles,R-530F1,0
2008,air-launched missiles,R-550 Magic,0
2008,air-launched missiles,R-550 Magic 2,0
2008,air-launched missiles,SCALP,0
2008,air-launched missiles,Storm Shadow,0
2008,air-launched missiles,Super 530D,0
2008,aircraft,A-319 (VIP),2
2008,aircraft,A310-300,3
2008,aircraft,A319,0
2008,aircraft,A330,0
2008,aircraft,A340-200,2
2008,aircraft,A400M Atlas,0
2008,aircraft,Alpha Jet,113
2008,aircraft,Atlantique 2,28
2008,aircraft,C-130H Hercules,5
2008,aircraft,C-130H-30 Hercules,9
2008,aircraft,C-135FR,11
2008,aircraft,C-160 Transall,42
2008,aircraft,C-160G Gabriel (ESM),2
2008,aircraft,C-160R Transall,0
2008,aircraft,CAP 10,13
2008,aircraft,CN-235M,20
2008,aircraft,CN-235M-100,0
2008,aircraft,CN-235M-300,0
2008,aircraft,DHC-6 Twin Otter,5
2008,aircraft,DHC-6-300 Twin Otter,0
2008,aircraft,E-2C Hawkeye,3
2008,aircraft,E-3F Sentry,4
2008,aircraft,EMB-121 Xingu,42
2008,aircraft,EMB-121Xingu,0
2008,aircraft,EMB-312 Tucano,47
2008,aircraft,F1-B Mirage,10
2008,aircraft,F1CR Mirage,43
2008,aircraft,Falcon 10MER,6
2008,aircraft,Falcon 200 Gardian,5
2008,aircraft,Falcon 2000,0
2008,aircraft,Falcon 20H Gardian,0
2008,aircraft,Falcon 50,0
2008,aircraft,Falcon 50 (VIP),4
2008,aircraft,Falcon 50M,4
2008,aircraft,Falcon 50MS,0
2008,aircraft,Falcon 7X,0
2008,aircraft,Falcon 900 (VIP),2
2008,aircraft,Grob G120A-F,18
2008,aircraft,KC-135 Stratotanker,3
2008,aircraft,M-2000B Mirage,40
2008,aircraft,MS-880 Rallye,9
2008,aircraft,Mirage 2000-5,32
2008,aircraft,Mirage 2000B,0
2008,aircraft,Mirage 2000C,65
2008,aircraft,Mystere 20,3
2008,aircraft,N-262 Fregate,18
2008,aircraft,PC-6B Turbo Porter,5
2008,aircraft,Rafale F2B,27
2008,aircraft,Rafale F2C,8
2008,aircraft,Rafale M F1,10
2008,aircraft,Rafale M F2,16
2008,aircraft,Rafale M F3,0
2008,aircraft,Super Etendard,24
2008,aircraft,TB-30 Epsilon,138
2008,aircraft,TBM-700,25
2008,aircraft,Transall C-160NG,15
2008,amphibious,Batral,4
2008,amphibious,Foudre,2
2008,amphibious,Mistral,2
2008,amphibious,NA,19
2008,anti-tank and anti-infrastructure,AT-4,0
2008,armoured fighting vehicles,AMX-10P/PC,601
2008,armoured fighting vehicles,AMX-10RC,337
2008,armoured fighting vehicles,AMX-30,614
2008,armoured fighting vehicles,ERC-90F4 Sagaie,192
2008,armoured fighting vehicles,Leclerc,354
2008,armoured fighting vehicles,VAB,3906
2008,armoured fighting vehicles,VAB BOA,61
2008,armoured fighting vehicles,VAB Eryx,172
2008,armoured fighting vehicles,VAB HOT,134
2008,armoured fighting vehicles,VAB Milan,113
2008,armoured fighting vehicles,VAB NBC,27
2008,armoured fighting vehicles,VBL M-11,1280
2008,artillery,20mm,0
2008,artillery,76T2,0
2008,artillery,AU-F-1,261
2008,artillery,CAESAR,5
2008,artillery,MIM-23B,0
2008,artillery,MIM-23B I-HAWK,26
2008,artillery,MLRS,55
2008,artillery,RT-Fl,361
2008,artillery,TR-F-1,105
2008,artillery,NA,0
2008,helicopters,(tpt/VIP),3
2008,helicopters,AS-332 Super Puma,7
2008,helicopters,AS-355 Ecureuil,6
2008,helicopters,AS-365 Dauphin 2,9
2008,helicopters,AS-532 Cougar,24
2008,helicopters,AS-532 Cougar (tpt/VIP),0
2008,helicopters,AS-532 Horizon,4
2008,helicopters,AS-555 Fennec,42
2008,helicopters,AS-665 Tiger,2
2008,helicopters,AS332 Super Puma,0
2008,helicopters,AS332C Super Puma,0
2008,helicopters,AS332L Super Puma,0
2008,helicopters,AS365 Dauphin 2,4
2008,helicopters,AS36SN/F/SP Dauphin 2,0
2008,helicopters,AS36SN3,0
2008,helicopters,AS532UL Cougar (tpt/VIP),0
2008,helicopters,AS555 Fennec,0
2008,helicopters,ASS6SSA Panther,0
2008,helicopters,EC 725 Cougar MKII,6
2008,helicopters,EC120 Colibri,5
2008,helicopters,EC22S Super Puma,0
2008,helicopters,EC725 Caracal,0
2008,helicopters,SA-321 Super Frelon,8
2008,helicopters,SA-330 Puma,135
2008,helicopters,SA-342M Gazelle,276
2008,helicopters,SA319B Alouette III,0
2008,helicopters,SA330B Puma,0
2008,logistics and support,Durance,4
2008,logistics and support,Glycine,0
2008,logistics and support,Jules Verne,1
2008,logistics and support,Telenn Mor,0
2008,logistics and support,NA,37
2008,mine warfare,Antares,3
2008,mine warfare,Eridan,13
2008,mine warfare,Loire,1
2008,mine warfare,Vulcain,4
2008,patrol and coastal combatants,Albatros,1
2008,patrol and coastal combatants,Arago,1
2008,patrol and coastal combatants,Flamant,3
2008,patrol and coastal combatants,Grebe,1
2008,patrol and coastal combatants,L'Audacieuse,10
2008,patrol and coastal combatants,Leopard (TRG),8
2008,patrol and coastal combatants,Stene,1
2008,patrol and coastal combatants,Sterne,0
2008,principal surface combatants,Cassard,2
2008,principal surface combatants,Charles de Gaulle,1
2008,principal surface combatants,D'Estienne d'Orves,9
2008,principal surface combatants,Floreal,6
2008,principal surface combatants,Forbin,1
2008,principal surface combatants,Georges Leygues,7
2008,principal surface combatants,Jeanne d'Arc,1
2008,principal surface combatants,La Fayette,5
2008,principal surface combatants,Suffren,1
2008,principal surface combatants,Tourville,2
2008,radars,Cobra,10
2008,radars,Helios,0
2008,radars,Helios (1A/2A/2B),0
2008,radars,Helios-2A (Creil),1
2008,radars,Pleiades,0
2008,radars,RASIT,28
2008,radars,RASIT/RATAC,0
2008,radars,RATAC,46
2008,radars,STRIDA,0
2008,radars,Spirale,0
2008,radars,Syracuse-3,0
2008,radars,NA,1
2008,submarines,L'Inflexible,2
2008,submarines,Le Triomphant,6
2008,submarines,Rubis,6
2008,surface-to-surface missile launchers,ASPIC,0
2008,surface-to-surface missile launchers,Crotale,0
2008,surface-to-surface missile launchers,Crotale 3000,0
2008,surface-to-surface missile launchers,Crotale NG,0
2008,surface-to-surface missile launchers,Mistral,331
2008,surface-to-surface missile launchers,Roland II / Roland I,98
2008,surface-to-surface missile launchers,SAMP/T,0
2008,surface-to-surface missile launchers,SATCP,0
2008,surface-to-surface missile launchers,VAB Milan,0
2008,unmanned aerial vehicles,CL289 (AN/USD502),54
2008,unmanned aerial vehicles,Eagle I,12
2008,unmanned aerial vehicles,SDTI,18
2008,unmanned aerial vehicles,Sperwer,18
2009,air-launched missiles,AASM,0
2009,air-launched missiles,AM-39 Exocet,0
2009,air-launched missiles,AS 30 Laser,0
2009,air-launched missiles,AS-30 Laser,0
2009,air-launched missiles,AS-30L,0
2009,air-launched missiles,ASMP,0
2009,air-launched missiles,ASMP-A,0
2009,air-launched missiles,Apache,0
2009,air-launched missiles,MICA,0
2009,air-launched missiles,Mica IR,0
2009,air-launched missiles,Mica RF,0
2009,air-launched missiles,R-550 Magic 2,0
2009,air-launched missiles,SCALP,0
2009,air-launched missiles,Super 530D,0
2009,aircraft,A-319 (VIP),2
2009,aircraft,A310-300,3
2009,aircraft,A319,0
2009,aircraft,A330,0
2009,aircraft,A340-200,2
2009,aircraft,A400M Atlas,0
2009,aircraft,Alpha Jet,91
2009,aircraft,Atlantique 2,27
2009,aircraft,C-130H Hercules,5
2009,aircraft,C-130H-30 Hercules,9
2009,aircraft,C-135FR,11
2009,aircraft,C-160 Transall,42
2009,aircraft,C-160G Gabriel (ESM),2
2009,aircraft,C-160R Transall,0
2009,aircraft,CAP 10,13
2009,aircraft,CN-235M,20
2009,aircraft,CN-235M-100,0
2009,aircraft,CN-235M-300,0
2009,aircraft,DHC-6 Twin Otter,5
2009,aircraft,DHC-6-300 Twin Otter,0
2009,aircraft,E-2C Hawkeye,3
2009,aircraft,E-3F Sentry,4
2009,aircraft,EMB-121 Xingu,34
2009,aircraft,EMB-121Xingu,0
2009,aircraft,EMB-312 Tucano,25
2009,aircraft,F1-B Mirage,8
2009,aircraft,F1CR Mirage,39
2009,aircraft,F3,0
2009,aircraft,Falcon 10MER,6
2009,aircraft,Falcon 200 Gardian,5
2009,aircraft,Falcon 2000,0
2009,aircraft,Falcon 20H Gardian,0
2009,aircraft,Falcon 50,0
2009,aircraft,Falcon 50 (VIP),4
2009,aircraft,Falcon 50M,4
2009,aircraft,Falcon 50MS,0
2009,aircraft,Falcon 7X,0
2009,aircraft,Falcon 900 (VIP),2
2009,aircraft,Grob G120A-F,18
2009,aircraft,KC-135 Stratotanker,3
2009,aircraft,M-2000B Mirage,17
2009,aircraft,MS-880 Rallye,9
2009,aircraft,Mirage 2000-5,22
2009,aircraft,Mirage 2000B,0
2009,aircraft,Mirage 2000C,52
2009,aircraft,Mystere 20,0
2009,aircraft,N-262 Fregate,14
2009,aircraft,PC-6B Turbo Porter,5
2009,aircraft,Rafale F2B,27
2009,aircraft,Rafale F2C,8
2009,aircraft,Rafale M F1,10
2009,aircraft,Rafale M F2,16
2009,aircraft,Rafale M F3,0
2009,aircraft,TB-30 Epsilon,25
2009,aircraft,TBM-700,24
2009,aircraft,Transall C-160NG,15
2009,amphibious,Batral,4
2009,amphibious,Foudre,2
2009,amphibious,Mistral,2
2009,amphibious,NA,19
2009,anti-tank and anti-infrastructure,AT-4,0
2009,armoured fighting vehicles,AMX-10P/PC,609
2009,armoured fighting vehicles,AMX-10RC,335
2009,armoured fighting vehicles,AMX-30,237
2009,armoured fighting vehicles,ERC-90F4 Sagaie,187
2009,armoured fighting vehicles,Leclerc,400
2009,armoured fighting vehicles,VAB,3806
2009,armoured fighting vehicles,VAB BOA,61
2009,armoured fighting vehicles,VAB NBC,27
2009,armoured fighting vehicles,VBL M-11,1280
2009,artillery,76T2,0
2009,artillery,AU-F-1,74
2009,artillery,CAESAR,16
2009,artillery,MIM-23B,26
2009,artillery,MIM-23B I-HAWK,0
2009,artillery,MLRS,61
2009,artillery,RT-Fl,349
2009,artillery,TR-F-1,98
2009,helicopters,AS-332 Super Puma,7
2009,helicopters,AS-365 Dauphin 2,9
2009,helicopters,AS-532 Cougar (tpt/VIP),3
2009,helicopters,AS-532 Horizon,24
2009,helicopters,AS-555 Fennec,42
2009,helicopters,AS-665 Tiger,8
2009,helicopters,AS332 Super Puma,0
2009,helicopters,AS332C Super Puma,0
2009,helicopters,AS332L Super Puma,0
2009,helicopters,AS365 Dauphin 2,4
2009,helicopters,AS36SN/F/SP Dauphin 2,0
2009,helicopters,AS36SN3,0
2009,helicopters,AS532UL Cougar (tpt/VIP),0
2009,helicopters,AS555 Fennec,0
2009,helicopters,ASS6SSA Panther,0
2009,helicopters,EC22S Super Puma,0
2009,helicopters,EC725 Caracal,6
2009,helicopters,SA-321 Super Frelon,8
2009,helicopters,SA-330 Puma,135
2009,helicopters,SA-342M Gazelle,272
2009,helicopters,SA319B Alouette III,0
2009,helicopters,SA330B Puma,0
2009,logistics and support,Avel Aber,0
2009,logistics and support,Dupuy de Lome,1
2009,logistics and support,Durance,4
2009,logistics and support,Glycine,0
2009,logistics and support,Jules Verne,1
2009,logistics and support,Telenn Mor,0
2009,logistics and support,NA,37
2009,mine warfare,Antares,3
2009,mine warfare,Eridan,13
2009,mine warfare,Loire,1
2009,mine warfare,Vulcain,4
2009,patrol and coastal combatants,Albatros,1
2009,patrol and coastal combatants,Arago,1
2009,patrol and coastal combatants,Flamant,3
2009,patrol and coastal combatants,Grebe,1
2009,patrol and coastal combatants,L'Audacieuse,10
2009,patrol and coastal combatants,Leopard (TRG),8
2009,patrol and coastal combatants,Stene,1
2009,patrol and coastal combatants,Sterne,0
2009,principal surface combatants,Cassard,2
2009,principal surface combatants,Charles de Gaulle,1
2009,principal surface combatants,D'Estienne d'Orves,9
2009,principal surface combatants,Floreal,6
2009,principal surface combatants,Forbin,2
2009,principal surface combatants,Georges Leygues,7
2009,principal surface combatants,Jeanne d'Arc,1
2009,principal surface combatants,La Fayette,5
2009,principal surface combatants,Suffren,1
2009,principal surface combatants,Tourville,2
2009,radars,Cobra,10
2009,radars,Helios,0
2009,radars,Helios (1A/2A/2B),0
2009,radars,Helios-2A (Creil),1
2009,radars,Pleiades,0
2009,radars,RASIT/RATAC,64
2009,radars,STRIDA,0
2009,radars,Spirale,0
2009,radars,Syracuse-3,0
2009,submarines,L'Inflexible,1
2009,submarines,Le Triomphant,6
2009,submarines,Rubis,6
2009,surface-to-surface missile launchers,Crotale 3000,0
2009,surface-to-surface missile launchers,Crotale NG,0
2009,surface-to-surface missile launchers,Mistral,882
2009,surface-to-surface missile launchers,SAMP/T,0
2009,surface-to-surface missile launchers,SATCP,0
2009,surface-to-surface missile launchers,VAB Eryx,188
2009,surface-to-surface missile launchers,VAB HOT,99
2009,surface-to-surface missile launchers,VAB Milan,112
2009,unmanned aerial vehicles,CL289 (AN/USD502),35
2009,unmanned aerial vehicles,SDTI (Sperwer),15
2010,air-launched missiles,AASM,0
2010,air-launched missiles,AM-39 Exocet,0
2010,air-launched missiles,AS 30 Laser,0
2010,air-launched missiles,AS-30 Laser,0
2010,air-launched missiles,AS-30L,0
2010,air-launched missiles,ASMP,0
2010,air-launched missiles,ASMP-A,0
2010,air-launched missiles,Apache,0
2010,air-launched missiles,MICA,0
2010,air-launched missiles,Mica IR,0
2010,air-launched missiles,Mica RF,0
2010,air-launched missiles,R-550 Magic 2,0
2010,air-launched missiles,SCALP,0
2010,air-launched missiles,Super 530D,0
2010,aircraft,A310-300,0
2010,aircraft,A319,0
2010,aircraft,A330,0
2010,aircraft,A340-200,0
2010,aircraft,A400M Atlas,0
2010,aircraft,Alpha Jet,91
2010,aircraft,Atlantique 2,27
2010,aircraft,C-130H Hercules,5
2010,aircraft,C-130H-30 Hercules,9
2010,aircraft,C-135FR,11
2010,aircraft,C-160 Transall,42
2010,aircraft,C-160G Gabriel (ESM),2
2010,aircraft,C-160R Transall,0
2010,aircraft,CAP 10,18
2010,aircraft,CN-235M,20
2010,aircraft,CN-235M-100,0
2010,aircraft,CN-235M-300,0
2010,aircraft,DHC-6-300 Twin Otter,5
2010,aircraft,E-2C Hawkeye,3
2010,aircraft,E-3F Sentry,4
2010,aircraft,EMB-121 Xingu,11
2010,aircraft,EMB-121Xingu,0
2010,aircraft,EMB-312 Tucano,25
2010,aircraft,F1CR Mirage,39
2010,aircraft,Falcon 10MER,6
2010,aircraft,Falcon 200 Gardian,5
2010,aircraft,Falcon 2000,0
2010,aircraft,Falcon 20H Gardian,0
2010,aircraft,Falcon 50,0
2010,aircraft,Falcon 50M,4
2010,aircraft,Falcon 50MS,0
2010,aircraft,Falcon 7X,0
2010,aircraft,Falcon 900 (VIP),0
2010,aircraft,Grob G120A-F,18
2010,aircraft,KC-135 Stratotanker,3
2010,aircraft,MS-880 Rallye,9
2010,aircraft,Mirage 2000-5,22
2010,aircraft,Mirage 2000B,0
2010,aircraft,Mirage 2000C,52
2010,aircraft,N-262 Fregate,14
2010,aircraft,PC-6B Turbo Porter,5
2010,aircraft,Rafale F2B,24
2010,aircraft,Rafale F2C,7
2010,aircraft,Rafale F3B,12
2010,aircraft,Rafale F3C,8
2010,aircraft,Rafale M F1,9
2010,aircraft,Rafale M F2,2
2010,aircraft,Rafale M F3,13
2010,aircraft,TB-30 Epsilon,25
2010,aircraft,TBM-700,24
2010,aircraft,Transall C-160NG,15
2010,amphibious,Batral,4
2010,amphibious,Foudre,2
2010,amphibious,Mistral,2
2010,amphibious,NA,19
2010,armoured fighting vehicles,AMX-10P/PC,609
2010,armoured fighting vehicles,AMX-10RC,335
2010,armoured fighting vehicles,AMX-30,237
2010,armoured fighting vehicles,ERC-90F4 Sagaie,187
2010,armoured fighting vehicles,Leclerc,400
2010,armoured fighting vehicles,VAB,3806
2010,armoured fighting vehicles,VAB BOA,61
2010,armoured fighting vehicles,VAB NBC,27
2010,armoured fighting vehicles,VBCI,100
2010,armoured fighting vehicles,VBL M-11,1280
2010,artillery,76T2,0
2010,artillery,AU-F-1,74
2010,artillery,CAESAR,16
2010,artillery,MIM-23B I-HAWK,26
2010,artillery,MLRS,61
2010,artillery,RT-Fl,349
2010,artillery,TR-F-1,98
2010,helicopters,AS-332 Super Puma,7
2010,helicopters,AS-365 Dauphin 2,9
2010,helicopters,AS-532 Cougar (tpt/VIP),3
2010,helicopters,AS-555 Fennec,42
2010,helicopters,AS332 Super Puma,0
2010,helicopters,AS332C Super Puma,0
2010,helicopters,AS332L Super Puma,0
2010,helicopters,AS365 Dauphin 2,4
2010,helicopters,AS36SN/F/SP Dauphin 2,0
2010,helicopters,AS36SN3,0
2010,helicopters,AS532UL Cougar (tpt/VIP),0
2010,helicopters,AS555 Fennec,0
2010,helicopters,ASS32UL Cougar,21
2010,helicopters,ASS32UL Cougar Horizon,4
2010,helicopters,ASS6SSA Panther,0
2010,helicopters,EC22S Super Puma,0
2010,helicopters,EC665 Tiger,25
2010,helicopters,EC725 Caracal,6
2010,helicopters,EC72SAP Caracal (CSAR),8
2010,helicopters,SA-321 Super Frelon,8
2010,helicopters,SA-330 Puma,29
2010,helicopters,SA319B Alouette III,0
2010,helicopters,SA330 Puma,106
2010,helicopters,SA330B Puma,0
2010,helicopters,SA341F/342M Gazelle,272
2010,logistics and support,Avel Aber,0
2010,logistics and support,Dupuy de Lome,1
2010,logistics and support,Durance,4
2010,logistics and support,Glycine,0
2010,logistics and support,Telenn Mor,0
2010,logistics and support,NA,35
2010,mine warfare,Antares,3
2010,mine warfare,Eridan,13
2010,mine warfare,Loire,1
2010,mine warfare,Vulcain,4
2010,patrol and coastal combatants,Albatros,2
2010,patrol and coastal combatants,Arago,1
2010,patrol and coastal combatants,Flamant,6
2010,patrol and coastal combatants,Grebe,1
2010,patrol and coastal combatants,L'Audacieuse,10
2010,patrol and coastal combatants,Leopard (TRG),8
2010,patrol and coastal combatants,Stene,1
2010,patrol and coastal combatants,Sterne,1
2010,principal surface combatants,Cassard,2
2010,principal surface combatants,Charles de Gaulle,1
2010,principal surface combatants,D'Estienne d'Orves,9
2010,principal surface combatants,Floreal,6
2010,principal surface combatants,Forbin,2
2010,principal surface combatants,Georges Leygues,7
2010,principal surface combatants,Jeanne d'Arc,1
2010,principal surface combatants,La Fayette,5
2010,principal surface combatants,Tourville,2
2010,radars,Cobra,10
2010,radars,Helios,0
2010,radars,Helios (1A/2A/2B),0
2010,radars,Helios-2A (Creil),1
2010,radars,Pleiades,0
2010,radars,RASIT/RATAC,64
2010,radars,STRIDA,0
2010,radars,Spirale,0
2010,radars,Syracuse-3,0
2010,submarines,Le Triomphant,6
2010,submarines,Rubis,6
2010,surface-to-surface missile launchers,Crotale 3000,0
2010,surface-to-surface missile launchers,Crotale NG,0
2010,surface-to-surface missile launchers,Mistral,882
2010,surface-to-surface missile launchers,SAMP/T,0
2010,surface-to-surface missile launchers,SATCP,0
2010,surface-to-surface missile launchers,VAB Eryx,188
2010,surface-to-surface missile launchers,VAB HOT,99
2010,surface-to-surface missile launchers,VAB Milan,112
2010,unmanned aerial vehicles,CL289 (AN/USD502),35
2010,unmanned aerial vehicles,SDTI (Sperwer),15
2011,air-launched missiles,AASM,0
2011,air-launched missiles,AM-39 Exocet,0
2011,air-launched missiles,AS-30 Laser,0
2011,air-launched missiles,AS-30L,0
2011,air-launched missiles,ASMP-A,0
2011,air-launched missiles,Apache,0
2011,air-launched missiles,Mica IR,0
2011,air-launched missiles,Mica RF,0
2011,air-launched missiles,R-550 Magic 2,0
2011,air-launched missiles,Super 530D,0
2011,aircraft,A310-300,3
2011,aircraft,A319,2
2011,aircraft,A330,0
2011,aircraft,A340-200,2
2011,aircraft,A400M Atlas,0
2011,aircraft,Alpha Jet,91
2011,aircraft,C-130H Hercules,5
2011,aircraft,C-130H-30 Hercules,9
2011,aircraft,C-135FR,11
2011,aircraft,C-160 Transall,42
2011,aircraft,C-160G Gabriel (ESM),2
2011,aircraft,C-160R Transall,15
2011,aircraft,CAP 10,12
2011,aircraft,CN-235M,17
2011,aircraft,CN-235M-100,0
2011,aircraft,CN-235M-300,0
2011,aircraft,DHC-6-300 Twin Otter,4
2011,aircraft,E-2C Hawkeye,3
2011,aircraft,E-3F Sentry,1
2011,aircraft,EMB-121 Xingu,11
2011,aircraft,EMB-121Xingu,25
2011,aircraft,Falcon 10MER,6
2011,aircraft,Falcon 200 Gardian,5
2011,aircraft,Falcon 2000,0
2011,aircraft,Falcon 20H Gardian,0
2011,aircraft,Falcon 50,3
2011,aircraft,Falcon 50M,4
2011,aircraft,Falcon 50MS,0
2011,aircraft,Falcon 7X,2
2011,aircraft,Falcon 900 (VIP),2
2011,aircraft,Grob G120A-F,18
2011,aircraft,KC-135 Stratotanker,3
2011,aircraft,MS-880 Rallye,9
2011,aircraft,Mirage 2000-5,22
2011,aircraft,Mirage 2000B,12
2011,aircraft,Mirage 2000C,39
2011,aircraft,Mirage F-1CR,29
2011,aircraft,PC-6B Turbo Porter,5
2011,aircraft,TB-30 Epsilon,25
2011,aircraft,TBM-700,17
2011,amphibious,Batral,3
2011,amphibious,CDIC,2
2011,amphibious,CTMS,15
2011,amphibious,EDA-R,4
2011,amphibious,EDIC 700,2
2011,amphibious,Foudre,2
2011,amphibious,Mistral,2
2011,amphibious,NA,0
2011,armoured fighting vehicles,AMX-1-ECH,0
2011,armoured fighting vehicles,AMX-10P/PC,331
2011,armoured fighting vehicles,AMX-10RC,256
2011,armoured fighting vehicles,AMX-30D,0
2011,armoured fighting vehicles,ERC-90F4 Sagaie,160
2011,armoured fighting vehicles,Leclerc,254
2011,armoured fighting vehicles,Leclerc DNG,0
2011,armoured fighting vehicles,VAB,3500
2011,armoured fighting vehicles,VAB BOA,60
2011,armoured fighting vehicles,VAB NBC,26
2011,armoured fighting vehicles,VAB-EHC,0
2011,armoured fighting vehicles,VBCI,232
2011,armoured fighting vehicles,VBL M-11,1594
2011,armoured fighting vehicles,NA,506
2011,artillery,76T2,0
2011,artillery,AU-F-1,37
2011,artillery,CAESAR,77
2011,artillery,MIM-23B I-HAWK,15
2011,artillery,MLRS,26
2011,artillery,RT-Fl,192
2011,artillery,TR-F-1,43
2011,engineering and maintenance vehicles,AMX-30 B/B2,0
2011,engineering and maintenance vehicles,AMX-30 EBG,0
2011,engineering and maintenance vehicles,EFA,0
2011,engineering and maintenance vehicles,Minotaur,0
2011,engineering and maintenance vehicles,PTA,0
2011,engineering and maintenance vehicles,SPRAT,0
2011,helicopters,AS332 Super Puma,5
2011,helicopters,AS332C Super Puma,0
2011,helicopters,AS332L Super Puma,0
2011,helicopters,AS365 Dauphin 2,4
2011,helicopters,AS36SN/F/SP Dauphin 2,9
2011,helicopters,AS36SN3,0
2011,helicopters,AS532UL Cougar (tpt/VIP),3
2011,helicopters,AS555 Fennec,37
2011,helicopters,ASS32UL Cougar,23
2011,helicopters,ASS6SSA Panther,16
2011,helicopters,EC22S Super Puma,2
2011,helicopters,EC665 Tiger,30
2011,helicopters,EC725 Caracal,6
2011,helicopters,EC72SAP Caracal (CSAR),8
2011,helicopters,SA319B Alouette III,25
2011,helicopters,SA330 Puma,93
2011,helicopters,SA330B Puma,22
2011,helicopters,SA341F/342M Gazelle,173
2011,logistics and support,Alize,1
2011,logistics and support,Avel Aber,0
2011,logistics and support,Belier,3
2011,logistics and support,Chamois,3
2011,logistics and support,Corraline,1
2011,logistics and support,Dupuy de Lome,1
2011,logistics and support,Durance,4
2011,logistics and support,Esterel,2
2011,logistics and support,Frehel,16
2011,logistics and support,Glycine,2
2011,logistics and support,La Belle Paule,2
2011,logistics and support,Laperouse,3
2011,logistics and support,Le Malin,1
2011,logistics and support,Maito,3
2011,logistics and support,Monge,2
2011,logistics and support,PS4,26
2011,logistics and support,PSS10,4
2011,logistics and support,Phaeton,2
2011,logistics and support,Telenn Mor,0
2011,logistics and support,VH8,7
2011,logistics and support,VIP 21,9
2011,logistics and support,other,3
2011,logistics and support,NA,11
2011,mine warfare,Antares,3
2011,mine warfare,Eridan,11
2011,mine warfare,Vulcain,0
2011,patrol and coastal combatants,Albatros,1
2011,patrol and coastal combatants,Arago,1
2011,patrol and coastal combatants,D'Estienne d'Orves,9
2011,patrol and coastal combatants,Flamant,3
2011,patrol and coastal combatants,Grebe,1
2011,patrol and coastal combatants,L'Audacieuse,7
2011,principal surface combatants,Cassard,2
2011,principal surface combatants,Charles de Gaulle,1
2011,principal surface combatants,Floreal,6
2011,principal surface combatants,Forbin,2
2011,principal surface combatants,Georges Leygues,7
2011,principal surface combatants,La Fayette,5
2011,principal surface combatants,Tourville,2
2011,radars,Cobra,10
2011,radars,Helios,1
2011,radars,Helios (1A/2A/2B),0
2011,radars,Pleiades,0
2011,radars,RASIT/RATAC,56
2011,radars,STRIDA,0
2011,radars,Spirale,0
2011,radars,Syracuse-3,0
2011,submarines,Le Triomphant,8
2011,submarines,Rubis,6
2011,surface-to-surface missile launchers,Crotale NG,3
2011,surface-to-surface missile launchers,Mistral,882
2011,surface-to-surface missile launchers,SAMP/T,5
2011,surface-to-surface missile launchers,SCALP EG,0
2011,surface-to-surface missile launchers,VAB Eryx,185
2011,surface-to-surface missile launchers,VAB HOT,30
2011,surface-to-surface missile launchers,VAB Milan,110
2011,unmanned aerial vehicles,Harfang,3
2011,unmanned aerial vehicles,SDTI (Sperwer),20
2012,air-launched missiles,AASM,0
2012,air-launched missiles,AM-39 Exocet,0
2012,air-launched missiles,AS-30 Laser,0
2012,air-launched missiles,AS-30L,0
2012,air-launched missiles,ASMP-A,0
2012,air-launched missiles,Apache,0
2012,air-launched missiles,Mica IR,0
2012,air-launched missiles,Mica RF,0
2012,air-launched missiles,R-550 Magic 2,0
2012,air-launched missiles,Super 530D,0
2012,aircraft,A310-300,3
2012,aircraft,A319,2
2012,aircraft,A330,0
2012,aircraft,A340-200,2
2012,aircraft,A400M Atlas,0
2012,aircraft,Alpha Jet,91
2012,aircraft,C-130H Hercules,5
2012,aircraft,C-130H-30 Hercules,9
2012,aircraft,C-135FR,22
2012,aircraft,C-160 Transall,42
2012,aircraft,C-160G Gabriel (ESM),2
2012,aircraft,C-160R Transall,15
2012,aircraft,CAP 10,12
2012,aircraft,CN-235M,17
2012,aircraft,CN-235M-100,0
2012,aircraft,CN-235M-300,0
2012,aircraft,DHC-6-300 Twin Otter,4
2012,aircraft,E-2C Hawkeye,3
2012,aircraft,E-3F Sentry,1
2012,aircraft,EMB-121 Xingu,11
2012,aircraft,EMB-121Xingu,25
2012,aircraft,Falcon 10MER,6
2012,aircraft,Falcon 200 Gardian,5
2012,aircraft,Falcon 2000,0
2012,aircraft,Falcon 20H Gardian,0
2012,aircraft,Falcon 50,3
2012,aircraft,Falcon 50M,4
2012,aircraft,Falcon 50MS,0
2012,aircraft,Falcon 7X,2
2012,aircraft,Falcon 900 (VIP),2
2012,aircraft,Grob G120A-F,18
2012,aircraft,KC-135 Stratotanker,6
2012,aircraft,MS-880 Rallye,9
2012,aircraft,Mirage 2000-5,22
2012,aircraft,Mirage 2000B,12
2012,aircraft,Mirage 2000C,39
2012,aircraft,Mirage F-1CR,29
2012,aircraft,PC-6B Turbo Porter,5
2012,aircraft,TB-30 Epsilon,25
2012,aircraft,TBM-700,17
2012,amphibious,Batral,3
2012,amphibious,CDIC,2
2012,amphibious,CTMS,15
2012,amphibious,EDA-R,2
2012,amphibious,EDIC 700,2
2012,amphibious,Foudre,1
2012,amphibious,Mistral,2
2012,amphibious,NA,0
2012,armoured fighting vehicles,AMX-1-ECH,20
2012,armoured fighting vehicles,AMX-10P/PC,331
2012,armoured fighting vehicles,AMX-10RC,256
2012,armoured fighting vehicles,AMX-30D,134
2012,armoured fighting vehicles,ERC-90F4 Sagaie,160
2012,armoured fighting vehicles,Leclerc,254
2012,armoured fighting vehicles,Leclerc DNG,20
2012,armoured fighting vehicles,VAB,3500
2012,armoured fighting vehicles,VAB BOA,60
2012,armoured fighting vehicles,VAB NBC,26
2012,armoured fighting vehicles,VAB Reco NBC,40
2012,armoured fighting vehicles,VAB-EHC,0
2012,armoured fighting vehicles,VBCI,232
2012,armoured fighting vehicles,VBL M-11,1594
2012,armoured fighting vehicles,NA,506
2012,artillery,76T2,0
2012,artillery,AU-F-1,37
2012,artillery,CAESAR,77
2012,artillery,MIM-23B I-HAWK,15
2012,artillery,MLRS,26
2012,artillery,RT-Fl,192
2012,artillery,TR-F-1,43
2012,engineering and maintenance vehicles,AMX-30 B/B2,0
2012,engineering and maintenance vehicles,AMX-30 EBG,71
2012,engineering and maintenance vehicles,EFA,39
2012,engineering and maintenance vehicles,Minotaur,20
2012,engineering and maintenance vehicles,PTA,18
2012,engineering and maintenance vehicles,SPRAT,0
2012,helicopters,AS332 Super Puma,5
2012,helicopters,AS332C Super Puma,0
2012,helicopters,AS332L Super Puma,0
2012,helicopters,AS365 Dauphin 2,4
2012,helicopters,AS36SN/F/SP Dauphin 2,9
2012,helicopters,AS36SN3,0
2012,helicopters,AS532UL Cougar (tpt/VIP),3
2012,helicopters,AS555 Fennec,37
2012,helicopters,ASS32UL Cougar,23
2012,helicopters,ASS6SSA Panther,16
2012,helicopters,EC22S Super Puma,2
2012,helicopters,EC665 Tiger HAP,36
2012,helicopters,EC725 Caracal,6
2012,helicopters,EC72SAP Caracal (CSAR),8
2012,helicopters,SA319B Alouette III,25
2012,helicopters,SA330 Puma,93
2012,helicopters,SA330B Puma,22
2012,helicopters,SA341F/342M Gazelle,173
2012,logistics and support,Alize,1
2012,logistics and support,Avel Aber,0
2012,logistics and support,Belier,3
2012,logistics and support,Chamois,3
2012,logistics and support,Corraline,1
2012,logistics and support,Dupuy de Lome,1
2012,logistics and support,Durance,4
2012,logistics and support,Esterel,2
2012,logistics and support,Frehel,16
2012,logistics and support,Glycine,2
2012,logistics and support,La Belle Paule,2
2012,logistics and support,Laperouse,3
2012,logistics and support,Le Malin,1
2012,logistics and support,Leopard,8
2012,logistics and support,Maito,3
2012,logistics and support,Monge,2
2012,logistics and support,PS4,26
2012,logistics and support,PSS10,4
2012,logistics and support,Phaeton,2
2012,logistics and support,Telenn Mor,0
2012,logistics and support,VH8,7
2012,logistics and support,VIP 21,9
2012,logistics and support,other,3
2012,logistics and support,NA,13
2012,mine warfare,Antares,3
2012,mine warfare,Eridan,11
2012,mine warfare,Vulcain,4
2012,patrol and coastal combatants,Albatros,2
2012,patrol and coastal combatants,Arago,1
2012,patrol and coastal combatants,D'Estienne d'Orves,9
2012,patrol and coastal combatants,Flamant,6
2012,patrol and coastal combatants,Grebe,1
2012,patrol and coastal combatants,L'Audacieuse,7
2012,patrol and coastal combatants,Laperouse,1
2012,patrol and coastal combatants,Le Malin,1
2012,principal surface combatants,Cassard,2
2012,principal surface combatants,Charles de Gaulle,1
2012,principal surface combatants,Floreal,6
2012,principal surface combatants,Forbin,2
2012,principal surface combatants,Georges Leygues,7
2012,principal surface combatants,La Fayette,5
2012,principal surface combatants,Tourville,2
2012,radars,Cobra,10
2012,radars,Helios,1
2012,radars,Helios (1A/2A/2B),3
2012,radars,Pleiades,0
2012,radars,RASIT/RATAC,56
2012,radars,STRIDA,0
2012,radars,Spirale,2
2012,radars,Syracuse-3,2
2012,submarines,Le Triomphant,8
2012,submarines,Rubis,6
2012,surface-to-surface missile launchers,Crotale NG,3
2012,surface-to-surface missile launchers,Mistral,882
2012,surface-to-surface missile launchers,SAMP/T,2
2012,surface-to-surface missile launchers,SCALP EG,0
2012,surface-to-surface missile launchers,VAB Eryx,185
2012,surface-to-surface missile launchers,VAB HOT,30
2012,surface-to-surface missile launchers,VAB Milan,110
2012,unmanned aerial vehicles,Harfang,3
2012,unmanned aerial vehicles,SDTI (Sperwer),20
2013,air-launched missiles,AASM,0
2013,air-launched missiles,AM-39 Exocet,0
2013,air-launched missiles,AS-30 Laser,0
2013,air-launched missiles,AS-30L,0
2013,air-launched missiles,ASMP-A,0
2013,air-launched missiles,Apache,0
2013,air-launched missiles,Mica IR,0
2013,air-launched missiles,Mica RF,0
2013,air-launched missiles,R-550 Magic 2,0
2013,air-launched missiles,Super 530D,0
2013,aircraft,A310-300,3
2013,aircraft,A330,1
2013,aircraft,A340-200,2
2013,aircraft,A400M Atlas,0
2013,aircraft,Alpha Jet,91
2013,aircraft,C-130H Hercules,5
2013,aircraft,C-130H-30 Hercules,9
2013,aircraft,C-135FR,22
2013,aircraft,C-160 Transall,24
2013,aircraft,C-160G Gabriel (ESM),2
2013,aircraft,C-160R Transall,20
2013,aircraft,CAP 10,12
2013,aircraft,CN-235M-100,19
2013,aircraft,CN-235M-300,5
2013,aircraft,DHC-6-300 Twin Otter,5
2013,aircraft,E-2C Hawkeye,3
2013,aircraft,E-3F Sentry,1
2013,aircraft,EMB-121 Xingu,11
2013,aircraft,EMB-121Xingu,25
2013,aircraft,Falcon 10MER,6
2013,aircraft,Falcon 200 Gardian,5
2013,aircraft,Falcon 2000,1
2013,aircraft,Falcon 20H Gardian,5
2013,aircraft,Falcon 50,3
2013,aircraft,Falcon 50M,9
2013,aircraft,Falcon 50MS,0
2013,aircraft,Falcon 7X,2
2013,aircraft,Falcon 900 (VIP),2
2013,aircraft,Grob G120A-F,18
2013,aircraft,KC-135 Stratotanker,6
2013,aircraft,MS-880 Rallye,9
2013,aircraft,Mirage 2000-5,22
2013,aircraft,Mirage 2000B,12
2013,aircraft,Mirage 2000C,39
2013,aircraft,Mirage F-1CR,29
2013,aircraft,PC-6B Turbo Porter,5
2013,aircraft,TB-30 Epsilon,25
2013,aircraft,TBM-700,17
2013,aircraft,TBM-700B,3
2013,amphibious,Batral,3
2013,amphibious,CDIC,1
2013,amphibious,CTMS,11
2013,amphibious,EDA-R,4
2013,amphibious,EDIC 700,1
2013,amphibious,Foudre,1
2013,amphibious,Mistral,3
2013,amphibious,NA,25
2013,armoured fighting vehicles,AMX-1-ECH,0
2013,armoured fighting vehicles,AMX-10P/PC,331
2013,armoured fighting vehicles,AMX-10RC,256
2013,armoured fighting vehicles,AMX-30D,134
2013,armoured fighting vehicles,Aravis,15
2013,armoured fighting vehicles,Buffalo,5
2013,armoured fighting vehicles,BvS-10,53
2013,armoured fighting vehicles,ERC-90F4 Sagaie,160
2013,armoured fighting vehicles,Leclerc,254
2013,armoured fighting vehicles,Leclerc DNG,20
2013,armoured fighting vehicles,VAB,3500
2013,armoured fighting vehicles,VAB BOA,60
2013,armoured fighting vehicles,VAB NBC,26
2013,armoured fighting vehicles,VAB Reco NBC,40
2013,armoured fighting vehicles,VAB-EHC,0
2013,armoured fighting vehicles,VBCI,400
2013,armoured fighting vehicles,VBL M-11,1594
2013,artillery,76T2,0
2013,artillery,AU-F-1,37
2013,artillery,CAESAR,77
2013,artillery,MIM-23B I-HAWK,15
2013,artillery,MLRS,26
2013,artillery,RT-Fl,192
2013,artillery,TR-F-1,43
2013,engineering and maintenance vehicles,AMX-30 B/B2,0
2013,engineering and maintenance vehicles,AMX-30 EBG,71
2013,engineering and maintenance vehicles,EFA,39
2013,engineering and maintenance vehicles,Minotaur,20
2013,engineering and maintenance vehicles,PTA,18
2013,engineering and maintenance vehicles,SPRAT,10
2013,helicopters,AS332C Super Puma,3
2013,helicopters,AS332L Super Puma,4
2013,helicopters,AS365 Dauphin 2,4
2013,helicopters,AS36SN/F/SP Dauphin 2,9
2013,helicopters,AS36SN3,2
2013,helicopters,AS532UL Cougar (tpt/VIP),3
2013,helicopters,AS555 Fennec,37
2013,helicopters,ASS32UL Cougar,23
2013,helicopters,ASS6SSA Panther,16
2013,helicopters,EC120B Colibri,36
2013,helicopters,EC22S Super Puma,3
2013,helicopters,EC665 Tiger HAD,7
2013,helicopters,EC665 Tiger HAP,39
2013,helicopters,EC725 Caracal,11
2013,helicopters,EC72SAP Caracal (CSAR),8
2013,helicopters,NH90 TTH,2
2013,helicopters,SA319B Alouette III,25
2013,helicopters,SA330 Puma,93
2013,helicopters,SA330B Puma,22
2013,helicopters,SA341F/342M Gazelle,172
2013,logistics and support,Alize,1
2013,logistics and support,Athos,2
2013,logistics and support,Avel Aber,3
2013,logistics and support,Beautemps-beaupre,1
2013,logistics and support,Belier,3
2013,logistics and support,Chamois,3
2013,logistics and support,Corraline,1
2013,logistics and support,Denti,1
2013,logistics and support,Dupuy de Lome,1
2013,logistics and support,Durance,4
2013,logistics and support,Engageante,2
2013,logistics and support,Esterel,2
2013,logistics and support,Frehel,16
2013,logistics and support,Glycine,2
2013,logistics and support,La Belle Paule,2
2013,logistics and support,Laperouse,4
2013,logistics and support,Las,2
2013,logistics and support,Leopard,8
2013,logistics and support,Maito,3
2013,logistics and support,Malabar,2
2013,logistics and support,Monge,1
2013,logistics and support,Nymphea,3
2013,logistics and support,PS4,26
2013,logistics and support,PSS10,4
2013,logistics and support,Phaeton,2
2013,logistics and support,Pourquoi pas?,1
2013,logistics and support,RP10,4
2013,logistics and support,Revi,1
2013,logistics and support,Telenn Mor,1
2013,logistics and support,V14,9
2013,logistics and support,VH8,7
2013,logistics and support,VIP 21,9
2013,logistics and support,VTP,2
2013,logistics and support,other,2
2013,logistics and support,NA,13
2013,mine warfare,Antares,3
2013,mine warfare,Eridan,11
2013,mine warfare,Vulcain,4
2013,patrol and coastal combatants,Albatros,2
2013,patrol and coastal combatants,Arago,1
2013,patrol and coastal combatants,D'Estienne d'Orves,9
2013,patrol and coastal combatants,Flamant,6
2013,patrol and coastal combatants,Gowind,1
2013,patrol and coastal combatants,Grebe,1
2013,patrol and coastal combatants,L'Audacieuse,4
2013,patrol and coastal combatants,Laperouse,1
2013,patrol and coastal combatants,Le Malin,1
2013,principal surface combatants,Cassard,2
2013,principal surface combatants,Charles de Gaulle,1
2013,principal surface combatants,Floreal,6
2013,principal surface combatants,Forbin,2
2013,principal surface combatants,Georges Leygues,7
2013,principal surface combatants,La Fayette,5
2013,principal surface combatants,Tourville,1
2013,radars,Cobra,10
2013,radars,Helios,1
2013,radars,Helios (1A/2A/2B),3
2013,radars,Pleiades,0
2013,radars,RASIT/RATAC,56
2013,radars,STRIDA,0
2013,radars,Spirale,2
2013,radars,Syracuse-3,2
2013,submarines,Le Triomphant,8
2013,submarines,Rubis,6
2013,surface-to-surface missile launchers,Crotale NG,3
2013,surface-to-surface missile launchers,Mistral,882
2013,surface-to-surface missile launchers,SAMP/T,2
2013,surface-to-surface missile launchers,SCALP EG,0
2013,surface-to-surface missile launchers,VAB Eryx,185
2013,surface-to-surface missile launchers,VAB HOT,30
2013,surface-to-surface missile launchers,VAB Milan,110
2013,unmanned aerial vehicles,Harfang,4
2013,unmanned aerial vehicles,SDTI (Sperwer),20
2014,air-launched missiles,AASM,0
2014,air-launched missiles,AM-39 Exocet,0
2014,air-launched missiles,AS-30 Laser,0
2014,air-launched missiles,AS-30L,0
2014,air-launched missiles,ASMP-A,0
2014,air-launched missiles,Apache,0
2014,air-launched missiles,Mica IR,0
2014,air-launched missiles,Mica RF,0
2014,air-launched missiles,R-550 Magic 2,0
2014,air-launched missiles,Super 530D,0
2014,aircraft,A310-300,3
2014,aircraft,A330,1
2014,aircraft,A340-200,2
2014,aircraft,A400M Atlas,2
2014,aircraft,Alpha Jet,72
2014,aircraft,C-130H Hercules,5
2014,aircraft,C-130H-30 Hercules,9
2014,aircraft,C-135FR,22
2014,aircraft,C-160 Transall,21
2014,aircraft,C-160G Gabriel (ESM),2
2014,aircraft,C-160R Transall,20
2014,aircraft,CAP 10,12
2014,aircraft,CN-235M-100,19
2014,aircraft,CN-235M-300,8
2014,aircraft,DHC-6-300 Twin Otter,5
2014,aircraft,E-2C Hawkeye,3
2014,aircraft,E-3F Sentry,4
2014,aircraft,EMB-121 Xingu,11
2014,aircraft,EMB-121Xingu,25
2014,aircraft,Falcon 10MER,6
2014,aircraft,Falcon 200 Gardian,5
2014,aircraft,Falcon 2000,2
2014,aircraft,Falcon 20H Gardian,5
2014,aircraft,Falcon 50M,4
2014,aircraft,Falcon 50MI,4
2014,aircraft,Falcon 50MS,1
2014,aircraft,Falcon 7X,2
2014,aircraft,Falcon 900 (VIP),2
2014,aircraft,Grob G120A-F,18
2014,aircraft,KC-135 Stratotanker,6
2014,aircraft,MS-880 Rallye,7
2014,aircraft,Mirage 2000-5,21
2014,aircraft,Mirage 2000B,7
2014,aircraft,Mirage 2000C,39
2014,aircraft,Mirage F-1CR,17
2014,aircraft,PC-6B Turbo Porter,5
2014,aircraft,TB-30 Epsilon,25
2014,aircraft,TBM-700,23
2014,aircraft,TBM-700B,3
2014,amphibious,Batral,3
2014,amphibious,CDIC,1
2014,amphibious,CTMS,11
2014,amphibious,EDA-R,4
2014,amphibious,EDIC 700,1
2014,amphibious,Foudre,1
2014,amphibious,Mistral,3
2014,amphibious,NA,25
2014,armoured fighting vehicles,AMX-1-ECH,0
2014,armoured fighting vehicles,AMX-10RC,256
2014,armoured fighting vehicles,AMX-30D,134
2014,armoured fighting vehicles,Aravis,14
2014,armoured fighting vehicles,Buffalo,5
2014,armoured fighting vehicles,BvS-10,53
2014,armoured fighting vehicles,ERC-90F4 Sagaie,110
2014,armoured fighting vehicles,Leclerc,254
2014,armoured fighting vehicles,Leclerc DNG,20
2014,armoured fighting vehicles,VAB,3000
2014,armoured fighting vehicles,VAB BOA,60
2014,armoured fighting vehicles,VAB NBC,26
2014,armoured fighting vehicles,VAB Reco NBC,40
2014,armoured fighting vehicles,VAB-EHC,0
2014,armoured fighting vehicles,VBCI,530
2014,armoured fighting vehicles,VBL M-11,1594
2014,artillery,76T2,0
2014,artillery,AU-F-1,37
2014,artillery,CAESAR,77
2014,artillery,MIM-23B I-HAWK,15
2014,artillery,MLRS,26
2014,artillery,RT-Fl,192
2014,artillery,TR-F-1,43
2014,engineering and maintenance vehicles,AMX-30 B/B2,0
2014,engineering and maintenance vehicles,AMX-30 EBG,71
2014,engineering and maintenance vehicles,EFA,39
2014,engineering and maintenance vehicles,Minotaur,20
2014,engineering and maintenance vehicles,PTA,18
2014,engineering and maintenance vehicles,SPRAT,10
2014,helicopters,AS332C Super Puma,3
2014,helicopters,AS332L Super Puma,4
2014,helicopters,AS365 Dauphin 2,4
2014,helicopters,AS36SN/F/SP Dauphin 2,9
2014,helicopters,AS36SN3,2
2014,helicopters,AS532UL Cougar (tpt/VIP),3
2014,helicopters,AS555 Fennec,37
2014,helicopters,ASS32UL Cougar,23
2014,helicopters,ASS6SSA Panther,16
2014,helicopters,EC120B Calibri,36
2014,helicopters,EC22S Super Puma,2
2014,helicopters,EC66S Tiger HAD,1
2014,helicopters,EC66S Tiger HAP,39
2014,helicopters,EC725 Caracal,11
2014,helicopters,EC72SAP Caracal (CSAR),8
2014,helicopters,NH90 TTH,9
2014,helicopters,SA319B Alouette III,25
2014,helicopters,SA330 Puma,90
2014,helicopters,SA330B Puma,22
2014,helicopters,SA341F/342M Gazelle,140
2014,logistics and support,Alize,1
2014,logistics and support,Athos,2
2014,logistics and support,Avel Aber,3
2014,logistics and support,Beautemps-beaupre,1
2014,logistics and support,Belier,3
2014,logistics and support,Chamois,3
2014,logistics and support,Corraline,1
2014,logistics and support,Denti,1
2014,logistics and support,Dupuy de Lome,1
2014,logistics and support,Durance,4
2014,logistics and support,Engageante,2
2014,logistics and support,Esterel,2
2014,logistics and support,Frehel,16
2014,logistics and support,Glycine,2
2014,logistics and support,La Belle Paule,2
2014,logistics and support,Laperouse,4
2014,logistics and support,Las,2
2014,logistics and support,Leopard,8
2014,logistics and support,Maito,3
2014,logistics and support,Malabar,2
2014,logistics and support,Monge,1
2014,logistics and support,PS4,26
2014,logistics and support,PSS10,4
2014,logistics and support,Phaeton,2
2014,logistics and support,Pourquoi pas?,1
2014,logistics and support,RP10,4
2014,logistics and support,Revi,1
2014,logistics and support,Telenn Mor,1
2014,logistics and support,V14,9
2014,logistics and support,VH8,7
2014,logistics and support,VIP 21,9
2014,logistics and support,VTP,2
2014,logistics and support,other,2
2014,logistics and support,NA,13
2014,mine warfare,Antares,3
2014,mine warfare,Eridan,11
2014,patrol and coastal combatants,Albatros,2
2014,patrol and coastal combatants,Arago,1
2014,patrol and coastal combatants,D'Estienne d'Orves,9
2014,patrol and coastal combatants,Flamant,6
2014,patrol and coastal combatants,Fulmar,1
2014,patrol and coastal combatants,Gowind,1
2014,patrol and coastal combatants,Grebe,1
2014,patrol and coastal combatants,L'Audacieuse,4
2014,patrol and coastal combatants,Laperouse,1
2014,patrol and coastal combatants,Le Malin,1
2014,principal surface combatants,Aquitaine,1
2014,principal surface combatants,Cassard,2
2014,principal surface combatants,Charles de Gaulle,1
2014,principal surface combatants,Floreal,6
2014,principal surface combatants,Forbin,2
2014,principal surface combatants,Georges Leygues,1
2014,principal surface combatants,Georges Leygues (mod1),1
2014,principal surface combatants,Georges Leygues (mod2),2
2014,principal surface combatants,Georges Leygues (mod3),3
2014,principal surface combatants,La Fayette,5
2014,radars,Cobra,10
2014,radars,Helios (2A/2B),2
2014,radars,Pleiades,2
2014,radars,RASIT/RATAC,56
2014,radars,STRIDA,0
2014,radars,Spirale,2
2014,radars,Syracuse-3,2
2014,submarines,Le Triomphant,4
2014,submarines,Rubis,6
2014,surface-to-surface missile launchers,Crotale NG,0
2014,surface-to-surface missile launchers,Mistral,0
2014,surface-to-surface missile launchers,SAMP/T,0
2014,surface-to-surface missile launchers,SCALP EG,0
2014,surface-to-surface missile launchers,VAB Eryx,185
2014,surface-to-surface missile launchers,VAB HOT,30
2014,surface-to-surface missile launchers,VAB Milan,110
2014,unmanned aerial vehicles,Harfang,4
2014,unmanned aerial vehicles,SDTI (Sperwer),20
